{
  "InputSize" : 2,
  "BatchSize" : 2,
  "Layers" : [ {
    "Size" : 2,
    "ActivatorType" : "LeakyRelu",
    "GradientAdjustmentParameters" : {
      "Type" : "Momentum",
      "LearningRate" : 0.01,
      "Momentum" : 0.9
    },
    "Type" : "StandardLayer",
    "L2Regularization" : 0.0,
    "Bias" : [ 0.5726050766648397, 0.4824408184680971 ],
    "Weights" : [ [ 0.7079017919579459, -0.8389821261454694 ], [ -1.358949433082414, 0.3565516691155054 ] ]
  }, {
    "Size" : 1,
    "ActivatorType" : "LeakyRelu",
    "GradientAdjustmentParameters" : {
      "Type" : "Momentum",
      "LearningRate" : 0.01,
      "Momentum" : 0.9
    },
    "Type" : "StandardLayer",
    "L2Regularization" : 0.0,
    "Bias" : [ 0.9993975126224323 ],
    "Weights" : [ [ -0.7838063804380779 ], [ -1.1985321402089777 ] ]
  } ]
}