{
  "InputSize" : 7,
  "BatchSize" : 32,
  "Layers" : [ {
    "Size" : 20,
    "ActivatorType" : "Tanh",
    "GradientAdjustmentParameters" : {
      "Type" : "Momentum",
      "LearningRate" : 0.01,
      "Momentum" : 0.9
    },
    "Type" : "StandardLayer",
    "L2Regularization" : 1.0E-4,
    "Bias" : [ -2.115952867729511, 0.06471450557488591, -7.853639933206843, -1.3641829227788795, 0.29189874696684387, -10.364529254247476, 2.6468669780897933, -2.9788944231274814, -8.973421993311156, 5.733356302821059, 3.9978801573817004, 0.11965664807167442, 0.13117454945277773, -4.233149311474093, 0.5213433489147671, -0.02205689182801911, -2.408821199461561, 2.5515063341573363, -4.896689490496088, -0.589681508750506 ],
    "Weights" : [ [ 2.276554817724916, 1.12479558484787, 4.628470659591446, 0.02575723256165443, 1.3419048991509586, 3.8185543632005143, 3.6747548890496446, 0.21428605219675995, 4.502001946828062, -4.267518840222215, -2.693289030977953, 1.04878526731904, -1.8640741879400375, -1.4638148957899402, -1.0681787130132268, -2.716661220692318, 0.37477223399710075, -0.04512218863979803, 0.8739780023754667, -3.2222163623954208 ], [ -0.12232392875035503, -0.09804221853173395, -0.6534081099835316, 0.019568391933555473, 0.03774939192927555, -0.046662102751418424, -0.06916778946596545, 0.06818769407564292, -0.2780723490215675, 0.029662410513451025, -0.24038050063505367, 0.05941314086174284, -0.07276582628390431, 0.03843195958195572, 0.009351813946834755, -0.11552781579665079, -0.1475334058405427, 0.007990401318546211, 0.05920926369332153, -0.12595155807253142 ], [ -0.31822774027988526, 1.711718805434306, -8.586634828372778, -0.542984407424833, -3.1636144925835725, -1.1673946254038314, -0.9000272779703241, 0.22500229605551697, -0.8593248752923661, 1.50979841669477, 1.8541329667800357, -0.7387111578501188, 0.439498016777514, 1.631576830222962, 0.9710290671849795, 3.3048168381529566, 2.405002530235676, 0.003491881227311306, -0.947387655091208, 2.9249056627439303 ], [ 2.364851532803809, 1.7779868140407409, 3.9387736318465545, 2.8066024588934564, -0.06035522962923681, 0.41484967575726445, 0.3701533903428545, 0.5942870314421718, 0.8752369701076057, -1.399196141634903, -1.7212420308575163, 2.190858439352654, 0.269360342673827, -0.639350183801955, -1.48209392057474, 0.7853068904076818, 2.82740186735004, 2.7900560729182464, 3.3592104064773483, 0.8774864015505545 ], [ 2.777910614949195, 0.7349381552109725, 1.5081739867513473, 0.149162045765371, 0.6817682561440629, 2.58988650869087, 0.6223081598627673, 1.688164328667163, 2.990881255916498, -2.6139361083568957, -0.9283408473112887, 2.991957580428635, -0.9753589243363967, -4.273868388705287, 0.14474292048904502, -2.193392257854612, -1.0330150179289217, -0.04424900857364425, 0.16271695836198843, 0.7445031050242641 ], [ -0.3287203165785728, -0.24098327781715292, 0.006004197364338849, -0.22483951075762704, 0.0973963623448422, 0.01689584189078321, -0.19064266845141928, 0.1759110378766156, -0.2707165842547742, 0.3242472019988815, -0.20894658391227455, -0.31564456392824164, -0.17549483085792553, 0.019422774086446114, 0.09443301935896982, -0.11682516304949862, -0.5994193222656563, -0.16786644444500626, -0.22040046490818907, -0.3920330207420135 ], [ -0.36462005870613035, -0.675945188934403, -2.679617371020577, -2.2592284617409373, 0.5161828879850586, 2.149109573151965, -0.09629895257141152, 0.8223246823645438, 1.955522228188789, -0.965310770425662, 0.9927514955341579, -2.3779418801519063, -0.1059564156490873, 0.08431100976747384, -0.3955930718766354, -1.3143983773974979, -2.261982013009148, -0.333750067615697, -3.7762148397603883, -1.0646635866252316 ] ]
  }, {
    "Size" : 10,
    "ActivatorType" : "Tanh",
    "GradientAdjustmentParameters" : {
      "Type" : "Momentum",
      "LearningRate" : 0.01,
      "Momentum" : 0.9
    },
    "Type" : "StandardLayer",
    "L2Regularization" : 0.0,
    "Bias" : [ 3.726994796670884, 4.283985844453769, -2.291281911320229, -7.0343265905595835, -4.371413691152448, 1.4969501150866447, 0.15765329199757291, -1.0705910662265374, 3.5679409552056134, 7.06004253768541 ],