{
  "InputSize" : 7,
  "BatchSize" : 32,
  "Layers" : [ {
    "Size" : 20,
    "ActivatorType" : "Tanh",
    "GradientAdjustmentParameters" : {
      "Type" : "Momentum",
      "LearningRate" : 0.01,
      "Momentum" : 0.9
    },
    "Type" : "StandardLayer",
    "L2Regularization" : 1.0E-4,
    "Bias" : [ -5.276972222099241E-12, 0.006012187925734764, 0.008052891942418216, 2.733120019370793E-4, -0.027284968915262307, 1.7934665539949397E-6, 0.006959300924072871, -0.006028005738806314, -4.620666582271071E-8, -2.4729826675191852E-9, 9.000489576192992E-5, 6.861755712000236E-4, -0.020801101316470415, -0.003502506602357741, 0.009060031150005561, 9.985800321757694E-11, -0.020986094276843528, -0.0024076495904272544, -3.077506646946572E-7, -0.002207923966877127 ],
    "Weights" : [ [ -0.28620985675669136, -0.007971783955196926, -0.0689507687342335, -0.043121109980994284, -0.07208990384272339, -0.02542889084308863, -0.010635527199951346, -0.18565105116775227, 0.2592311594850728, 0.3289296406810628, 0.2615674279273147, -0.5057995560739265, -1.3222751283415246, 0.010926362758427404, 0.10164733803663611, 0.21108536774271042, -0.8349224878626075, 0.17971694206996225, 0.1515781071761877, 1.0383069449414835 ], [ 0.13665220784375318, -0.20298125708916895, 0.30564851453050507, -0.2405848213121913, -0.39685272459427834, -0.1910867085265997, 0.04882975633485101, 0.26857177993686676, -0.33445041420678423, 0.2399803133242158, 0.030527286412167825, 0.10109073321058104, -0.435370304911734, 0.04289571422437687, 0.26107343458099586, -0.007970184739189179, -0.3401021395416059, -0.02516515462655411, -0.1309315943330476, -0.3124557292461153 ], [ -0.2269588655883731, 0.3939476850113479, -0.3475733313824866, -0.12726100624841555, -1.4857579609872935, 0.313178793638868, 0.6233037383624381, -0.21955703189131456, 0.24715867760537075, 0.05330740588356149, -0.01746357384783359, -0.5514671104506778, -2.027757289936262, 0.23793401875569667, 0.3188806636246475, 0.24494690986031062, -1.5256032144075808, 0.10226918038443347, 0.22318776293814388, 1.1495856232817452 ], [ 0.07532993642653558, -0.20521439029703908, -0.2758878794412421, 0.32484277995816757, -0.32165698936379106, 0.25798362023099974, -0.21908022112755504, 0.04850877898890551, -0.12177525126002481, -0.13929527227819308, 0.2539772776142655, -0.27783074394169643, 0.10818099590727664, -0.12520031433741421, 0.315536325915714, 0.2886481953575895, 0.23095012072597612, -0.28674660884711867, -0.09836765563365664, 0.019099617728951263 ], [ 0.13008635378669015, 0.2397036158695001, 0.16367564686014577, 0.2351183593650012, 0.2290231487322036, -0.1355030247649331, -0.2887644981267927, 0.1099671825276534, 0.15498050996211715, 0.22158236093103628, -0.023522651177256784, -0.14463496463766476, 0.18288405435705724, -0.1662083756632312, 0.046821987140083995, -0.21474774188250256, -0.29559965694257195, 0.17225322281353977, -0.2037741619870655, -0.2310868103025321 ], [ -0.24884157174631283, -0.2548713702606623, 0.30746743497722817, 0.21198762761926063, -0.1843702897697965, 0.12976902551122083, -0.18174677284622837, 0.256046184702156, 0.1990127674096587, 0.2593950934300605, 0.10072156064929311, -0.07267324882024831, -0.10056713832471555, -0.16463427488966706, 0.04015234482581686, 0.08760144013921259, 0.18731418197859426, 0.3146069093168405, 0.32175972458128105, -0.06344460045281389 ], [ -0.018294526448527793, -0.0472590596207559, 0.041823926284197455, -0.03515994794097515, 0.24614787589835901, 0.2729158176127502, 0.31332629101629916, -0.018362698046664617, 0.06274383632620259, 0.22136770358960164, -0.2997952616198477, 0.28463138981780955, -0.06664153726214417, 0.2312019109017659, -0.09912747648659444, 0.14450611942728733, -0.2849911057152255, -0.24009843213395754, -0.1709234875997753, -0.01566187349670699 ] ]
  }, {
    "Size" : 10,
    "ActivatorType" : "Tanh",
    "GradientAdjustmentParameters" : {
      "Type" : "Momentum",
      "LearningRate" : 0.01,
      "Momentum" : 0.9
    },
    "Type" : "StandardLayer",
    "L2Regularization" : 0.0,
    "Bias" : [ -0.08485720130431991, -0.1022306363665707, -0.12812597729023203, 0.09749148590398628, 0.09646891599963021, 0.09716463656377307, -0.15690193506490013, 0.022835086787407435, 0.014278235374666392, -0.32927394477632627 ],