{
  "InputSize" : 7,
  "BatchSize" : 32,
  "Layers" : [ {
    "Size" : 20,
    "ActivatorType" : "Relu",
    "GradientAdjustmentParameters" : {
      "Type" : "Momentum",
      "LearningRate" : 0.01,
      "Momentum" : 0.9
    },
    "Type" : "StandardLayer",
    "L2Regularization" : 0.001,
    "Bias" : [ -1.4147103796572211, -4.4837823810285204, -3.752931314525709, -2.7003925429538786, -2.830118925387516, -3.505382064996803, -3.5649722069763827, -0.281069540229711, -2.8767810126194715, -0.9311703810730462, -5.19702279757699, -1.4709734640201986, -2.175477872716068, -2.846160602479717, -1.5314771867445982, -1.5590679400455125, -2.4451496642361548, 2.5582511890198174, -0.6960444574219509, -1.6975556872381128 ],
    "Weights" : [ [ 2.895378971952254, 1.4161295515669392, -0.12130565081503245, 1.8487900763547318, 2.1750344377773154, 1.9011846276910473, 1.1667212833241143, 2.0139862572931895, 0.151869693756941, 1.0235397821535572, -1.4078069690127153, -0.6930994312681007, -2.040109724466014, -0.33312223156371645, 2.0468847047159207, 0.9515963832490592, 3.948692044880287, -2.1763479846563505, -1.103730870022138, -0.6178892916073264 ], [ 0.06513975135418394, 0.03503138730962963, -1.0839736928133648, 0.21134282568659918, 0.033132656886448994, 0.09786293316563706, -0.10454522015886923, 0.0907342977320475, 0.04577168954126732, 0.07289819516616326, -0.5887636452287424, -0.09481354502629008, -0.03593092412236025, -0.021178932340851137, -0.03318439690243587, -0.25481669204982293, 0.010990770443406949, 0.009551627088151465, 0.007505963226806416, 0.43058125250901635 ], [ -3.5212296120664868, -0.21976557746877556, -1.0955432846126487, -1.1660237884173004, -0.8989407152794167, -2.5682068141929224, -1.9697184219923334, -1.1350535336800116, 1.0718135070007937, -0.41248072133961444, -1.3861067710379362, -0.10750848713895013, 1.414647788828119, 1.5692412651211292, -1.4443477519203896, 0.25082159493542705, -3.9385347147908467, 1.0655265061154073, 0.4019157555998452, -0.9081623007502159 ], [ 0.43514995697175146, -0.09537655985750325, -1.8148492515107113, 0.502115584605194, 2.753859873066988, 1.8365218452194643, 1.550519952459876, -2.398024889472756, 0.7073366910312165, -0.9980464815954412, 2.174072110688647, 0.6798798678278931, -1.4153132092179705, -1.7810602998951275, 0.42427289151303793, 0.8434231207364788, 0.01725140758217537, -2.2636759446366526, -0.2392116816269573, 0.46812052571998447 ], [ 0.14766862752564666, 1.011582375727342, -0.26849394534685, 1.5948542839860276, 2.229216437331742, -0.3843090500496419, -0.25230976276278305, -0.0906264283132456, -3.498758393318236, 0.7645781067619363, 0.28407469513097194, 0.7515219189312028, -1.2003208688556173, -0.30926810106932917, 0.6396608485927283, 0.8538419235114811, 0.5879145650005563, -2.0437732102708637, 1.7880021586766242, 1.0284734356029634 ], [ 0.039022906968445084, 0.022394965214522517, -1.7239065326685075, 0.39045899422612457, -0.020481075622472235, 0.11288310234259126, -0.24996288814426915, 0.014784267085687655, 0.027006452080637705, 0.0766986728348465, 0.1891158407077152, 0.35662028247954003, 0.035562532702955466, -0.06488984273108823, -0.16989525674969805, -0.4792171210052882, 0.20949412240178863, 0.13984399720876683, -0.05318246111897681, -0.20639129949648383 ], [ -0.6135954384261579, 2.2775155056497516, 0.5962068207880412, 0.9770152968092566, -0.8273829070349857, -2.4337071869501887, -2.69169117726712, 0.7460544663117573, 0.033775942086481645, 1.7335044078459645, -0.520229889005406, -1.1752878880022124, 0.15681356382342398, -1.2510915744892945, -0.6903675355907324, 0.24412896269501508, 0.4057829548317321, 0.4760113375542373, -0.3168385451604476, 0.6447560943367923 ] ]
  }, {
    "Size" : 10,
    "ActivatorType" : "Relu",
    "GradientAdjustmentParameters" : {
      "Type" : "Momentum",
      "LearningRate" : 0.01,
      "Momentum" : 0.9
    },
    "Type" : "StandardLayer",
    "L2Regularization" : 0.001,
    "Bias" : [ 4.023912170164316, 0.8176410015213169, -0.8526218552116932, -6.557656269548301, 2.0085470885181125, 1.8133702123246782, -0.408816386998374, -6.650459997163226, -1.4607890895880138, -0.3010813265118733 ],