{
  "InputSize" : 7,
  "BatchSize" : 16,
  "Layers" : [ {
    "Size" : 20,
    "ActivatorType" : "Relu",
    "GradientAdjustmentParameters" : {
      "Type" : "Momentum",
      "LearningRate" : 0.01,
      "Momentum" : 0.9
    },
    "Type" : "StandardLayer",
    "L2Regularization" : 1.0E-4,
    "Bias" : [ -4.2894566849929125, -3.6062339693174867, -4.48102117001094, -88.90780873622614, -1.8690274423698578, -2.3442543085423253, -191.93444766189504, -4.777481163057483, -2.9251614063368736, -3.278248015029227, -4.06730550492528, -2.205299305981569, -4.161439589106802, -4.716741011697111, -3.834198212853103, -14.67204241085631, -4.630457963327146, -2.8750394248408817, -2.1548247285855697, -2.30240456888506 ],
    "Weights" : [ [ 0.9199856525410384, 0.39585422597831066, 0.19375825954882064, 20.920767768523646, -0.1583089900865327, -0.06458496703369408, 151.32866363405626, -0.06620764959113531, -0.10370094253570045, 0.01586803690568038, 0.6061282547748211, -0.5382524717226844, 0.8567138309819218, 0.3565954629858052, 0.6503180911616164, 2.086413784602583, -0.0662705936961751, 0.04301455368480006, 0.1139895142609651, 0.5854615588834504 ], [ -0.05545167243063758, -0.009907179434280948, 0.030460843405372813, 1.380350707502402, -0.02197562750130623, 0.04486981855650918, 26.129847131012067, 0.026859109000065017, -0.026058907316630436, 0.028985472993307053, 0.0682290902192711, 0.0023510481619500173, -0.00111275842185012, -0.004536671599508345, -0.01570868467987291, -0.09310567697070875, -0.2360004564798054, 0.049970347055874685, -0.025637793632231332, -0.008950324637819296 ], [ -1.1466784322900916, -0.45199759640476866, -0.33289017505972696, -11.31967566537949, 0.16280248156733604, 0.001403890983311813, -87.69367123787603, -0.2469111155444757, 0.07499916944335108, 0.008540151169120633, -0.7106295406100847, 0.43811941400653576, -0.7843703434371879, -0.4422353357845463, -0.7414639788069042, -2.25812618535309, -0.025866582294166798, 0.03980475362415219, -0.0646823887152119, -0.6261209213109133 ], [ 0.04002342826747634, -0.1791498217143585, -0.06873306408429357, 12.727432500288781, 0.08919548053244991, 0.05534347220587405, 134.51151979298055, -0.03169784309472539, -0.18256460038207983, -0.14893607509476184, 0.007623784118596172, 0.08593395441686309, -0.243155521961449, -0.13881586481785785, -0.3172233971769265, 0.8982695871504869, -0.39531442986382626, 0.07727894461700321, 0.10117993250869485, -0.4270500310555383 ], [ 0.1523162453503673, -0.4420163378276848, 0.4748991211307366, 15.453319224303286, 0.21676129662939536, 0.1904507030599356, 110.92760268460509, 0.6198366076607158, -0.30649296373501306, -0.30105311155116576, 0.2058308258805413, 0.10681383343133491, 0.3154030534683294, -0.522650234605399, -0.43961771949579503, 1.3564713561794375, -0.05882676812450211, 0.13301086520938502, 0.05297409067105842, -0.14748566810156197 ], [ 0.03965883795613974, -0.011454991668036422, -0.025468614655294226, 4.650499675525038, -0.012339121442930014, -0.019904715182347606, -37.676907246047385, -4.7234508598518197E-4, 0.005069111780467723, 0.015978126745775208, 0.07840395809089222, -0.11248159560537896, -0.04899327151274202, 0.016576761050264947, 0.012962945092934592, 0.2131672131619784, 0.1363050713706021, -0.06095254678580949, 0.017854832871322966, 0.02575702267296957 ], [ -0.04112284032064353, 0.1423233452145714, 0.02722154928488781, 1.0644166005814413, -0.05382681463774404, -0.17519757422744284, -51.66849351026327, 0.0961065884080242, 0.11476572469682741, 0.06978908660895983, 0.09900140081492276, -0.027911242571097027, 0.2802497227384042, 0.17605339830465716, 0.27123363335055667, -0.008152231457492028, 1.6202324132959015E-4, -0.24073431482348953, -0.2006908443204329, 0.28001687856388136 ] ]
  }, {
    "Size" : 10,
    "ActivatorType" : "Relu",
    "GradientAdjustmentParameters" : {
      "Type" : "Momentum",
      "LearningRate" : 0.01,
      "Momentum" : 0.9
    },
    "Type" : "StandardLayer",
    "L2Regularization" : 1.0E-4,
    "Bias" : [ -0.5726312177219157, -0.9551582687039286, -4.4300521473244805, 2.4774339084208807, -0.557209377579464, -0.08372658513950787, -2.5438748922450696, -0.7449702792552908, -0.38119630753794803, 2.5167760766077323 ],