{
  "InputSize" : 7,
  "BatchSize" : 16,
  "Layers" : [ {
    "Size" : 20,
    "ActivatorType" : "Tanh",
    "GradientAdjustmentParameters" : {
      "Type" : "Momentum",
      "LearningRate" : 0.01,
      "Momentum" : 0.9
    },
    "Type" : "StandardLayer",
    "L2Regularization" : 1.0E-4,
    "Bias" : [ 9.89823459487184, -5.077660832801666, -6.469714835852917, -9.198979918287085, -2.300509684119238, 0.3722751377175129, 2.595028441312343, -1.9307302488279043, -15.150242397544538, 2.8692183588035265, 0.08337991279400331, 4.0641582700823315, -2.3647278389251722, 4.482857087886243, 2.915303707720505, 4.885350494498044, -1.0837091641987728, 1.9319764257704315, -0.3292957961634508, -5.601317548365463 ],
    "Weights" : [ [ -4.928439904284886, 3.8709905698854437, 1.7205782900123607, 3.4075353477381007, 1.1717701066507187, -3.9553633593275874, 4.765140782963934, -5.715481476594637, 5.798188413919119, -2.0065297905740582, 1.144393699486715, -6.1269230725631525, 1.7291184027691378, -6.769221985737311, 2.6018810019442955, -4.489568655549291, 6.216312733516144, -1.5468889297564268, 3.543654602903117, -1.352763260731158 ], [ -0.059241541618151074, 0.1649022986184487, 0.06595527169410274, 0.08038051143375802, -0.3135367195212278, -0.18659595248690536, 0.13609767922731078, 0.07492849964821059, 0.08110793803149687, 0.0698571477058522, 0.09898706389345396, 0.05570756103426527, -0.051431289873963976, -0.03416537703386087, 0.184611701063878, 0.11462026138962611, 0.0016537481792675737, -0.027374924849309326, 0.02038934092307357, 0.11909146543462136 ], [ 2.0888547779623132, -2.6351721272946604, 0.7991034973256179, -4.508438813842577, 2.0186812986125107, 4.879640699088643, -2.7564760994935726, 3.075432652720217, -2.7304700965071143, 1.8533278420924952, -1.8804524255867365, 7.05393128844555, -2.7878115664680174, 7.384523546076459, -3.3733793514730097, 1.8893190331698773, -5.454090980434518, 2.7873224143855317, -1.8469696996400993, 1.242576389411775 ], [ 0.9518310375180913, 0.08321097021717554, 1.8284009894752038, 4.896899244535837, 1.1154074798597857, 0.7520885651277575, -0.30652959901256505, -0.7511464585739583, 3.309482426942287, -1.6870584227730843, -4.569370368625175, 0.44134229551957666, 2.259629953941217, 0.24231476296660495, 0.5237302371408732, 1.5725823848940828, -1.1569685374778376, 2.6747394746853246, -0.3617646209084338, -1.0160037000225677 ], [ -2.018013724900139, 2.3677084839948503, 3.866858238652641, -0.30760018829593694, 3.000730588343002, -3.0918945487289378, 0.18460774127809434, -0.6816319865527927, 3.5185969125500267, -1.185864766131405, -1.268275984701726, -3.760737850114306, -0.2812125836571272, -0.7442509693195458, 3.9393574785652965, -0.9091832854336567, 0.04319244654162064, 3.260379500834213, -0.17023171873237192, -5.413442420459389 ], [ 0.08674010060340151, 0.27948777229908855, 0.8962100831701925, -0.16669164259065028, -0.3415037683653019, -0.1430838721614405, 0.19206752026890495, 0.01981519616403, 0.15857843905219499, 0.05863745098005765, 0.15781483079522937, -0.09236378390587764, -0.2597486032962019, -0.21439846948020178, 0.07411558960787255, 0.29715135610528076, 0.010426693007788444, -0.18810698248270152, 0.0772494961362267, 0.10548783909868394 ], [ -4.03865878741793, 2.2369909361278695, -1.9528107161697796, -5.199562304687442, -1.66906098395291, -1.7263823584733604, 1.2711893111958443, 0.851231762144194, -0.07195585795951087, -0.7153164563125413, 1.4141913238823982, -1.7633301070383636, -1.9637559843050882, -1.162957604516465, 0.8170221429968646, -3.801254151276632, 1.4673268451310773, -3.419198624746623, 1.9149900775403736, 0.6886260341950053 ] ]
  }, {
    "Size" : 10,
    "ActivatorType" : "Tanh",
    "GradientAdjustmentParameters" : {
      "Type" : "Momentum",
      "LearningRate" : 0.01,
      "Momentum" : 0.9
    },
    "Type" : "StandardLayer",
    "L2Regularization" : 1.0E-4,
    "Bias" : [ -6.282201785429575, -3.039304060174886, -3.237812530658602, -7.843195648077215, -3.03448800150736, 1.382974485321787, -2.881887709173119, -5.310483226060949, -3.4467776902691822, 1.5729730817534338 ],