{
  "InputSize" : 7,
  "BatchSize" : 16,
  "Layers" : [ {
    "Size" : 20,
    "ActivatorType" : "Relu",
    "GradientAdjustmentParameters" : {
      "Type" : "Momentum",
      "LearningRate" : 0.01,
      "Momentum" : 0.9
    },
    "Type" : "StandardLayer",
    "L2Regularization" : 0.001,
    "Bias" : [ -4.430533832342674, -7.8296029127517395, -2.717372829215855, -3.8219260048361807, -8.171062987212785, -7.956078097593615, -6.061364554478971, -0.9042478807534977, -8.853676204829304, -8.920008847411076, -2.695042870481812, -8.41397294152033, 12.913945080920302, 2.016294956158477, -8.065822252264015, -2.0050569941270493, -3.8020415783743244, -6.168641101252211, -8.190798189742049, -1.833045379958802 ],
    "Weights" : [ [ 3.414842882222423E-6, 0.0018758274738259462, 4.4058655584606415E-7, -1.3233002100296796, 0.006929053139758754, 2.9256207006103767, 1.1764344944760667, 0.06730266885628014, 1.0869565033290793, 0.02523230590540305, -0.05430291209752366, 0.047128252334905724, -1.4979587377239485, 0.4938265153876546, 0.12089914662454937, -5.922609288139019, 2.7602974923611167E-6, 8.759241865343269E-5, 0.5549971188002021, -4.094049921574188 ], [ -1.0871471263382647E-7, -4.364221935221172E-5, 7.57142941643678E-7, -0.1490562487669522, 1.5137815020101373E-6, -0.5237963160573057, -0.02201003291448232, 0.14176650402911156, 0.06825149321431308, -0.0014621574824430056, -0.19836797486670404, -0.0012048574049164072, 0.11212261144380745, 0.06667116012218383, -0.005169815978553149, -0.3763060090752532, -4.2100884127106633E-7, -1.726055318891725E-5, -0.19796461196772494, 0.42593224109579697 ], [ -2.830323619007871E-6, -0.0026185714750307227, -5.44538120434678E-7, 2.172520591002591, -0.006828847475890522, -3.399186153225079, -1.960601585316755, 1.7008721932450923, -0.9966872824264525, -0.01556629644839633, 1.376508686954593, -0.038622613428326964, 1.7598778941920685, 0.8945557202606035, -0.10088511479312551, 2.4516575320544742, -3.875126271304624E-6, -4.032905858993184E-5, -0.5370630779606007, 0.15802949825480758 ], [ 3.652267124037615E-8, -5.344273599220015E-4, 5.464091085109566E-7, -1.929301161917039, -5.959441246633372E-4, 0.26421663859255934, -0.0890418138969264, -3.824845300857528, -0.12283299962216707, -0.0017441890994139568, -1.0590003844970972, 0.002470087865733623, 0.03529110630299009, -3.1107377541258954, 0.004116713228991643, -6.1939014772576035, -1.615581597064177E-6, 3.0793435318470176E-5, 0.09177784515623558, -1.1137166211883736 ], [ 3.210589099693763E-7, 3.07729142871347E-4, 9.152042327226505E-7, -3.653751424417562, 0.00256688084643384, 1.27614657000971, -0.04676343539537357, 0.6080004594183166, 0.37216734861719053, 0.008418064795794659, -5.938961713337444, 0.012421948411743886, 0.5142102961592344, -1.9493781798270562, 0.04238927053971161, -4.221925251492145, 1.1469988876516026E-6, 2.7870464639813945E-5, 0.18034033841395583, -0.5050510118414562 ], [ 3.456957188792582E-7, -2.2470636840461568E-4, -4.1094962861261206E-7, 0.1270882844581706, 0.0010323739542822845, 0.10455682365686367, 0.040331210633740566, 1.1455191752283078, 0.02409125551532398, 4.0936236951625345E-4, 0.8393864557069454, 0.0016723402877498995, -0.11360169587659309, 0.2851586373063711, 0.011936744011486635, -0.24897116304134442, -3.6458392048312253E-7, -5.326673017074683E-6, 0.10420828527149101, 0.8000856635733288 ], [ -1.4550866352931202E-6, -0.0010188575009261226, 8.647365023500415E-8, 1.003256647650089, -0.0016229488189866933, -0.3565119805226087, -0.35155939312037277, -0.37674626338950745, 0.029842927768748254, -0.006395059803070018, 2.4323403407965016, -0.004178425363057863, 2.93086206632209, 1.2519160110660665, -1.2955074608359622E-4, 1.288242760825206, -9.258730302941587E-8, -3.37223701672732E-5, -0.0789367518068938, -0.27254571240236874 ] ]
  }, {
    "Size" : 10,
    "ActivatorType" : "Relu",
    "GradientAdjustmentParameters" : {
      "Type" : "Momentum",
      "LearningRate" : 0.01,
      "Momentum" : 0.9
    },
    "Type" : "StandardLayer",
    "L2Regularization" : 0.001,
    "Bias" : [ -10.8228213610881, -9.935113384393416, 2.1440859165913815, -1.533109626033927, -0.26484365184973635, -0.02180811660073892, -7.502835288066401, -1.126751081577612, -0.11036503680981126, 10.599046356846154 ],