{
  "InputSize" : 7,
  "BatchSize" : 16,
  "Layers" : [ {
    "Size" : 10,
    "ActivatorType" : "Relu",
    "GradientAdjustmentParameters" : {
      "Type" : "Momentum",
      "LearningRate" : 0.01,
      "Momentum" : 0.9
    },
    "Type" : "StandardLayer",
    "L2Regularization" : 1.0E-4,
    "Bias" : [ -2.4906605195280784, -4.651916837459793, -3.5888263495890196, -4.653552323684719, 0.3728666530793812, 0.276039883308594, -4.128956603604826, 1.4491098627918784, -5.342002728652502, -0.06073404268397979 ],
    "Weights" : [ [ 0.8337683979986378, 4.754184797102393, -0.11524376700177531, -3.4963808630637474, 3.5752376922885087, 1.1699120234014104, 8.000635930577323, -1.6886309560686448, -0.9682117390113254, 3.623839204229593 ], [ -0.0858432101608836, 0.023980798934298275, 0.03365693243197098, 0.086564814953807, 0.021577011524686072, -0.09317890626200274, -0.04169409333903714, 0.11199840804663039, -0.0033155892883397734, 0.04979515000409422 ], [ 0.0690782051019168, -2.561894452503897, 0.949983371628658, 1.8121555178564903, -2.6727104074114725, -0.19124160125768394, -10.447807241279985, 0.5426198378363339, 1.3148739451078661, -3.738861489953862 ], [ 0.7947838787256264, 0.022094819824350166, 0.52510888984475, 2.491624384654675, 0.28158058546736975, -1.3487852942199396, 0.6123080142367788, -0.9933563215210157, -1.542664044713494, 1.1127464600663695 ], [ 2.1077283954907235, 2.7624423144186934, -3.898358950365199, 2.904445747171266, 1.8655277710669484, -1.563937557270052, 1.1736032218103392, 0.1413426846419485, -4.578338637470573, 1.2040092604965609 ], [ -0.1463726282802121, 0.036719969616536875, 0.06873227883275705, -0.175595907311243, 0.11947816459191604, 0.05696952424257993, 0.13311702068607145, 0.10786077738974943, 0.01922074293393536, 0.004560503347133939 ], [ -1.7406584715472064, 2.7603881430269244, 0.408753550360953, -0.15203683615265615, 1.450074078046588, 0.30977336982165593, -0.3657308811844385, 0.2668699986419202, 0.8353659663361747, -0.352488413891086 ] ]
  }, {
    "Size" : 1,
    "ActivatorType" : "Identity",
    "GradientAdjustmentParameters" : {
      "Type" : "Momentum",
      "LearningRate" : 0.01,
      "Momentum" : 0.9
    },
    "Type" : "StandardLayer",
    "L2Regularization" : 0.0,
    "Bias" : [ 4.50933831236819 ],
    "Weights" : [ [ -0.5337525541252487 ], [ 0.986939785516227 ], [ -1.0355555621529622 ], [ -0.8343687595399906 ], [ 1.2022032262584008 ], [ -0.7523793729779795 ], [ 0.8998958040492416 ], [ -0.7324082816868399 ], [ 0.8139204890390799 ], [ 0.9858493727897979 ] ]
  } ]
}