{
  "InputSize" : 7,
  "BatchSize" : 32,
  "Layers" : [ {
    "Size" : 20,
    "ActivatorType" : "Tanh",
    "GradientAdjustmentParameters" : {
      "Type" : "Momentum",
      "LearningRate" : 0.01,
      "Momentum" : 0.9
    },
    "Type" : "StandardLayer",
    "L2Regularization" : 1.0E-4,
    "Bias" : [ -0.048628125546094116, 4.079268484495073, 2.5254239802796667, 3.099466728056212, -0.2643236132784387, 12.042598454275165, -1.9352114510930813, -4.409758249504217, -4.314363755455909, -3.5863062582139054, -0.48492669433661767, -1.502035390795218, -3.8644887838791337, 1.5653750275240466, -0.1385694237625919, -1.3152371043222546, -1.5571108947961017, 5.874266731293174, -2.967496483522412, 5.377109847501032 ],
    "Weights" : [ [ 0.9511109815334937, -1.9908580691867293, 1.7102880324906058, 2.0900088710134974, -1.7366031718190478, -3.455773974032154, 2.7257904335119925, 3.100007141021443, 3.519179149364573, 3.963746477026292, -0.9080796922203683, 3.1542366584742534, 5.286141022902483, -1.858323344468819, 3.2423579521463926, -0.33935616216753106, -0.02153595602967886, -3.2387104380479474, -5.3582686851605725, -3.348967876162614 ], [ -0.1047342969886818, -0.11957035533968063, -0.004503711750160566, -0.008565142671850762, -0.02824496087167207, -0.11919659472835939, 0.06604894235343484, -0.06175442247816159, 0.8260161335423968, 0.013767900775769067, 0.0012818802878918054, -0.01774282951990738, 0.025352099272324014, -0.003130424026100514, 0.14653584509699205, -0.05716499303630042, -0.12925071034458804, 0.05852602327366136, -0.018404905232330293, -0.03650736849040692 ], [ -2.5461492367679326, 0.45405225233347374, -3.0404463945294986, -2.6741550844728597, -0.33860020104294297, -0.22140230044289658, -1.4780034593670945, -2.976259384351068, -3.368022330082614, -1.4354237192378319, -0.03212550338568096, -2.3709865664996514, -4.683737977648049, 2.913010410253425, -3.9314600404848594, -0.012155636447705145, 0.6637208993622246, 2.067080450948365, 2.3771588239817145, 4.501014956388103 ], [ 1.1851268674473365, -0.48940742341198656, -3.9387096529242616, -0.2998436184229379, -0.5361648543445281, -0.9635748398296642, 0.4060287871888628, 1.6292690568372277, 4.144108683237323, -0.2558206801516433, -1.4869036299857101, 1.8374884983622277, -0.6924329213072075, 3.0653376280943867, -1.1907649072922541, 2.771276294329384, -1.2398853928174118, -1.1033194273085671, 0.2877408977025141, -1.8322876848777834 ], [ 1.4906476652564982, -1.4328570063974164, -1.423782039180249, 3.297560470649411, -0.069651814460873, -2.8727995244298383, 1.380765906679332, 1.0998150684769885, 2.380414483952867, 3.5330009036032304, -0.33916635429902176, 1.702767831028907, -0.006690915435851636, 2.729311538651672, 2.3453919093845097, 0.1224519598667683, 0.3898181924510381, -1.7809628599974052, -0.2812581509756634, -0.330264751345017 ], [ 0.06390431067639361, -0.18312444727700597, -0.2681964141289801, -0.08599611309163872, -0.0467575645683509, -0.290554404763602, 0.12115392626413418, -0.4910778167808703, 0.6242629060879132, -0.34584657198610663, 0.017152624001608087, -0.17090816221993446, 0.0029279999170529754, -0.1064878821431599, -0.022065458911851788, -0.20134797646535985, -0.21047118919771668, 0.22502451632469217, 0.09300521330875187, 0.0888235702972031 ], [ -0.15236458013757911, -1.1725927913322656, 4.009105178136361, 0.8253030478819513, 0.4007056221324525, -2.3486105801507184, 1.809729222911504, 2.333422457799984, -4.125264778515129, 0.37862839913627455, -0.09909958152354269, 0.11938905476156739, 1.7068735669702684, -3.2416913636601588, 1.9704515021433677, -2.1428385849129374, -0.09331861815125371, -0.6358214338117752, -0.7941760461456214, 2.0290509077718295 ] ]
  }, {
    "Size" : 10,
    "ActivatorType" : "Tanh",
    "GradientAdjustmentParameters" : {
      "Type" : "Momentum",
      "LearningRate" : 0.01,
      "Momentum" : 0.9
    },
    "Type" : "StandardLayer",
    "L2Regularization" : 1.0E-4,
    "Bias" : [ -3.63137920010509, -2.7284744944360377, -4.955076583154747, 1.084910796699766, -3.2528144458597867, 2.1397071748861936, -2.5314524026656833, 3.7899906695067873, 3.7884453215164786, -1.3546555901957638 ],