{
  "InputSize" : 7,
  "BatchSize" : 32,
  "Layers" : [ {
    "Size" : 30,
    "ActivatorType" : "Relu",
    "GradientAdjustmentParameters" : {
      "Type" : "Momentum",
      "LearningRate" : 0.01,
      "Momentum" : 0.9
    },
    "Type" : "StandardLayer",
    "L2Regularization" : 0.001,
    "Bias" : [ -0.6702680909323091, -4.151807300739106, 1.1721306150191249, -2.943443147690944, -4.418638399624243, -0.5543396396044733, -1.0218694151315042, -2.9112863996441374, -0.21570807864173613, -0.7294880790262288, -2.420956888050612, 0.19208096836535724, -0.7394744108285206, -1.4272784523684923, 0.09426937729654764, -1.6945983375216482, -0.762081221525161, -1.9186188709466503, -1.2449732069786323, -1.7502486336811822, -1.703847186274805, -1.9186205165046741, -4.729427802695399, -3.432217022381787, -2.355882753890147, -0.13067491292308747, -2.2907551536270105, -5.078057195756583, -2.792726853730088, -1.3147937228449995 ],
    "Weights" : [ [ 0.6779802373513353, 1.2431962122051878, -1.5528034969785738, 0.7569460427187036, 0.29612148264764104, -0.3242419382654122, -1.6063041320986022, 1.6909800239045831, 1.072835756043866, 0.9824783807587812, 3.4058893962270966, -1.4653844839619565, -0.46626644936023093, 1.2582153554292559, 1.3198526699275859, 0.2861918966046662, 0.7548965141030376, -0.4726272353071718, 1.5662448719603874, -1.1611270002259708, 1.0917711552215397, 2.723688400168802, -0.7551005395781183, 0.2532465357118682, -1.2948076329702907, 1.2362345456537742, -1.1595797026315982, -1.211153539555116, 0.09484600730072815, -0.44580045032925764 ], [ -0.08280526977909411, -0.20887855842016048, -0.11954459640415482, -0.49243887067961417, 0.7753693839528506, -0.67376344381878, -0.02172691806558468, -0.03860429861406467, -0.15559516019514835, 0.2914757132843921, 0.06671176798227563, 0.11180469579499827, -0.5386399929220586, 0.37924368913794043, 0.1829124293416342, 0.2522108802009689, -0.27896391738550347, 0.67383266661476, -0.02542510616467932, 1.088354567472034, 0.05967525689609032, -0.4183821716677347, -0.20217095176462788, 0.18300000628460347, 0.5007373403106298, -0.0826575017280488, -0.5944493201910204, -0.44411091493064314, -0.38576593283610583, -0.44727346830498704 ], [ -0.37369670549244777, -2.023076160444078, -0.06570496149664248, 0.606436151223699, -0.1897126696914253, 0.5231337573119614, 1.0770225633741675, -0.1802192746476065, -0.5498384629149211, -1.5333831292409694, -2.2540090678718525, 1.5416625158563537, 0.12886419436122795, -1.217046104424732, -0.43366532999216706, 0.3438007346879424, 0.08757400079294475, 0.895133810975256, -0.03717214605233122, 0.4439892432239727, 0.1647093156410769, -2.85787163187661, -1.7847406253058562, 1.1297020728299991, -0.8151222968221551, -1.4105678504873227, 0.8305131960447386, -1.6176458589356313, 0.8319204510393416, -1.2166602705933662 ], [ 0.4884611898099155, 1.658702449326755, -1.698921241044787, -0.4436345001471982, 0.21981662088935935, 1.3501869578008288, 0.5935445121684014, -0.8318437568228646, -0.6739552095507719, 0.8286023263201077, 4.025854251263235E-4, -0.5118330386311795, -0.6714781227515455, 0.9829633160404243, -1.8368512762645839, 1.9118298849743944, -1.75938833383423, 1.4341856691120483, 1.3138964536312574, 0.3910492222819363, 2.112647881857351, 0.9298204907666305, 2.3530176094906823, -2.0040958470442196, -0.48358148863253986, 0.9023819203150953, 0.8765974785112135, 0.7451957529853734, 0.41087111642712854, -0.08141748263774938 ], [ 0.9367883557891453, -0.11505744544901521, -1.0037392510400598, -2.6440771653202817, -3.1749957846365495, -0.59529575094943, 1.8697041905603833, 0.5727103451979907, -1.608401737100283, 0.15720039560767488, 1.3861075622192964, -1.4744193309381646, -0.23295064966607218, 0.39196130442281524, -0.4752759584303634, 0.07083399000721344, 0.6459098398498383, 1.5611685507356414, 0.7881106870658037, 0.5694048595845974, 1.1456148020447712, 1.1599399523224982, 0.7045283196032088, 0.34904075757545217, 1.1592612953003354, 0.6698577631475714, -2.2935968130354305, 0.8052376438223066, 1.749310020835095, -0.1642582745586035 ], [ -0.07410104674407912, 0.06353706056511953, 0.05879500999321939, -0.1805929389284282, -0.4409390838848693, -0.32095129929908983, 0.04680621210869356, -0.15811824722368406, -0.07663668828477443, 0.0028629306701693806, 0.473052254831956, -0.4276433000606503, 0.07062477359557251, 0.3984566326847692, 0.3423422213239707, -0.44854815437104, -0.16255635288696638, 0.5780312242686769, -0.3678006530648599, 0.24563068974478405, 0.016225425375495976, -0.11657708754107286, 0.7543412398328135, 0.1596298005058112, 0.43620830783229464, -0.21504344670831285, 0.5754368984068504, -0.9336967416675602, -0.22907613297831422, -0.7483585044439415 ], [ 0.8278556595080488, -3.155095392060013, 0.20173023392872635, 0.7112020594222699, 0.8923315952562144, -0.9453189644687086, -1.1336892177591307, 2.4100818167035785, 0.6862920953622095, -0.9571100255556259, 0.4722868665328975, -0.2900844545793595, -0.7890381978621468, -1.0171520795549205, 0.5479469483864687, -2.2266483736426514, 0.30583413489326405, -0.40208468980866074, 0.12115545362105737, 0.8442612920388703, -0.4872388927288965, -0.642971424670951, -1.2441786276299935, -0.8716070416454601, -0.5222716832854034, -0.472995821704449, -0.015115461363274105, 1.2827540554577486, 0.7488243782337137, 1.0071825847154594 ] ]
  }, {
    "Size" : 15,
    "ActivatorType" : "Relu",
    "GradientAdjustmentParameters" : {
      "Type" : "Momentum",
      "LearningRate" : 0.01,
      "Momentum" : 0.9
    },
    "Type" : "StandardLayer",
    "L2Regularization" : 0.001,
    "Bias" : [ 1.7604446584001816, -1.4263040571007644, 0.4484211144682389, 0.4669141185951427, -3.837265380834113, 0.6159929991820048, 1.9223365714532636, -3.8322680442581083, -1.059897658674337, -0.03364637971585392, -0.5045654095178902, 0.858386595136438, 1.6287505870695578, -0.4581683678590827, 1.3314789248021204 ],