{
  "InputSize" : 7,
  "BatchSize" : 16,
  "Layers" : [ {
    "Size" : 30,
    "ActivatorType" : "Relu",
    "GradientAdjustmentParameters" : {
      "Type" : "Momentum",
      "LearningRate" : 0.01,
      "Momentum" : 0.9
    },
    "Type" : "StandardLayer",
    "L2Regularization" : 1.0E-4,
    "Bias" : [ -8.09353470394644, -2.03970677876178, -7.132547908778449, -0.21373345217162762, -7.057150352684336, -0.37705503874296287, -1.4714471614369806, -3.464090959419141, 1.5072058775794688, -8.818132213942064, -8.085333906873453, 1.383977098149756, -11.08206986899302, -3.729262035037556, -0.6896308254490376, -4.887053340444387, -1.532907285991003, -2.8352150523400863, -0.781737666761492, -0.4459664363792187, -8.653834394598311, -5.679574391286455, -7.924697376229052, -6.3579250592108805, -7.619643387798016, 4.644049202396362, -8.50520340818435, -6.748439815448516, -8.647595390457106, 0.4044234113355459 ],
    "Weights" : [ [ -1.2032877150934582, -0.3606273113086368, 4.680733223830978, 1.878489618072769, 0.47403917088022823, 0.2957548336129081, -0.6639810675223952, 5.7933166579022854, -1.3781205729283263, 3.5889776109244984, 1.8850531723322532, -0.5857081336702298, 0.17236539808845475, -2.2170456391898896, 0.03738460490599163, 0.7684210906941857, 0.3210893520346379, 0.04411428502685971, -0.017753170901299534, -0.06766845137025863, 0.804455078806006, -2.2791014650746573, 3.7133580370165284, 0.6015723747649417, 1.7840965175311791, -2.778558039716688, 3.959473170365029, -3.8308994367189593, 1.8796309721135898, -2.6819876901502675 ], [ 0.08423800513586759, -0.1852983797821053, 0.026236625941525607, 0.22050710300077955, -0.03266839658290912, -0.050747058408244575, -0.08659868132924486, -0.07988206632654452, -0.1418264669041584, -0.19297226937901002, 0.0029861699037067634, 0.12298280067818379, 4.71287579812403, -0.08562234645122958, 0.01652853947225028, -0.020747246305565004, -0.18596450315643626, 0.1363306845792661, 0.02089916297984102, 0.0029743631155435836, -0.2944589262052297, 4.126707221841529, -0.4903963288363666, 0.07121603524587036, -0.05408946759496237, 0.006132608024043939, 0.07792347422242804, -0.20187915266678685, 0.24380934609545393, 0.21672080858124498 ], [ 0.7883174008624902, 0.5888906711902002, -2.6440077103079025, -0.8407506203630882, 0.26556076180928895, 0.27536589157679814, -1.814563320501236, -7.577271419083458, 0.5679155897186302, -4.047304591666369, -1.7877687267732887, 0.7356802283977745, -1.147275564741265, 1.3040811317831889, -0.02455213253738708, -0.49753597031416025, -0.1926606759214299, 0.09460483862110965, -0.013165493021855915, 0.04961964105548691, -1.2174405302755158, 0.5986700323168552, -3.1840131269915424, -0.7266016702011241, -1.7727794522053109, 1.3016668197397883, -2.969542010949959, -2.2604091304255656, -1.4692225831082872, 1.1710221530190659 ], [ -4.076998296178858, -0.7306340265788107, 1.5192732825286013, -2.4858210971904784, 0.2464711516115369, -0.35665163214126405, -0.062403342248031186, 0.6702607925964084, -3.0370424477199727, -0.07673897286435821, -0.015663450377411337, -1.469887742501785, 2.4261501461865294, -4.259475210125538, 0.03215385760441567, -0.3154308209918483, -3.751126805635528, -1.1094736437629562, -0.003681361500501037, 0.022591602823950847, 0.04679623918032285, 0.0903411892209336, -0.27266860979896757, 0.0858755277552511, 0.4963755877960379, -1.5396925098442844, 0.07962187221423983, -0.0950486420798074, -2.1471045464877037, -0.41219529721671005 ], [ -6.805081702859921, -3.62017471983179, 2.593916601542773, -1.510679194922128, 0.31538368464472777, -2.0902914183806, 1.0950921814607737, 0.38706508805232087, -1.2447603163331065, 1.1321386059828937, 1.8272317416270236, -0.40094843867916397, 0.3409927763139344, -2.288895833857772, 0.021233005107053084, 0.1584862173646547, -0.5511044569502196, 2.6212227999804765, 0.025755824172041097, -0.0020031855288602214, 0.0023559455928592564, 0.03775319700801008, 1.696171569439577, 0.5022007028881759, 0.507252148521912, -1.860394579135305, 1.5217990410362603, 0.2705227077515639, -6.777725450015977, -1.510036422757273 ], [ 0.11731017631022174, 0.08757643554717273, 0.11545775391488032, -0.04303029927382544, 0.012875789001684292, 0.21333118771196216, -0.07086699777685798, -0.13250582316025256, 0.1860468772895466, -0.19645495744953845, 0.10523724468989802, 0.18527848324378496, -0.8182872120476953, 0.05680089078422761, -0.007894176807877391, -0.012063652267468573, -0.09661523886101729, 0.03700801934246076, 0.0033299645894853095, 0.008733275412088863, -0.3514778973069208, -1.0470213185615147, 0.2938107421637892, 0.17309184242635398, -0.22480874110775065, 0.13397504111673708, -0.19299194389674604, 0.2573965896974004, 0.4368846176061277, -0.3603773405156588 ], [ 2.325539155800138, 0.8521430150850188, 1.3776185983770128, 0.5539578724234924, 0.2736910364960896, 0.6216834841258143, 0.5471169315742808, -1.0442889801934196, 0.8056473108587597, 0.40465763417057465, -0.27677328669665496, 1.507627857767892, -3.055762581834126, 0.3086381531872112, -0.0221108272829938, 0.583915298860714, 0.38852936441290753, -0.6612382093981177, -0.044224870160554514, -0.04729353586114148, -0.18949282987051438, -1.6049281131503814, 0.026087146839023783, -0.17061168713455646, -0.4471335309095584, -0.45652222609268817, -0.13014389684504174, 0.06744107966319504, 1.8236204131936042, 0.4254232161511182 ] ]
  }, {
    "Size" : 15,
    "ActivatorType" : "Relu",
    "GradientAdjustmentParameters" : {
      "Type" : "Momentum",
      "LearningRate" : 0.01,
      "Momentum" : 0.9
    },
    "Type" : "StandardLayer",
    "L2Regularization" : 1.0E-4,
    "Bias" : [ -6.386481037564944, -3.77407313621467, -1.1315088509620355, 1.0514590207734482, -3.7862519460214075, -0.45289354851131247, -1.2327374483123075, -0.5527985449214117, 3.001339870970215, 5.188329069788753, -4.223623892031592, 1.9218821650710995, -2.639067790778029, -1.357257531853571, -2.41540024982663 ],