{
  "InputSize" : 7,
  "BatchSize" : 32,
  "Layers" : [ {
    "Size" : 30,
    "ActivatorType" : "Tanh",
    "GradientAdjustmentParameters" : {
      "Type" : "Momentum",
      "LearningRate" : 0.01,
      "Momentum" : 0.9
    },
    "Type" : "StandardLayer",
    "L2Regularization" : 1.0E-4,
    "Bias" : [ 3.3656228201218243, 2.0908425529016412, -0.7297591384331074, -3.314411181851355, 10.073417929092933, 7.715220804056335, -3.7038376615274418, 2.3242854528278696, -3.471519556438381, -5.437355019400051, 0.20401118304195173, -0.2698543028916913, 0.11104418543040148, 3.4032268124395073, -2.585958050468497, -1.957371549838838, -5.051863333022307, 3.7421457079778873, 5.966530769554892, 4.678417810785674, 0.8902757376954239, 2.191071496481278, 3.6693479193026, 0.9259000801730951, 0.5533306233353368, 5.2495936044157085, 3.4001129692133887, -0.1746537321406517, -2.5508955316877913, 3.455169207698418 ],
    "Weights" : [ [ 0.876792805388698, 0.34495139582794054, 1.3653013080779244, 2.0121518830363923, -4.746979147773739, -2.9171061192210903, 2.583793399457358, -1.9977326777425133, -0.11272518332404678, 3.3168686166942885, 2.3612258459045625, 1.6446460552547735, 1.9228368687594357, -3.7423451230299705, -0.4563491610020208, 0.6741745908608314, -0.6492181214519612, 4.35113223134899, -0.4899973000545629, -3.540956586804215, 1.9979800830935421, -2.2575662396272955, -2.8594513503466845, -3.92294842216572, -2.9860326895129843, -1.8886154071501526, -5.449400944997185, -0.5234345267476989, 2.1902013103049627, 3.6049136923923797 ], [ 0.0371611386772975, 0.042832402385125375, 0.10782369885726543, -0.1506599100314493, -0.01923893438614742, -0.19109004748889907, -0.03329740434189313, -0.027158311597785204, -0.4607321790698161, -0.5771575311165417, -0.09459510598742635, -1.8522401765615977, -0.5365816474388209, -1.079319974141931, -0.45317061758815763, -0.22515891506932387, -0.8190334036441373, 0.002717746249521067, -0.12524202692543387, -1.0755303944257213, 0.01808399769960457, -0.060295180338085265, 0.1092275866592444, -0.025989616330968027, 0.0014452782992646455, -0.21374891664703638, -0.2517772401217361, -0.2802052859785964, -0.08718845538997033, -0.4113206907626928 ], [ -1.1445167619555814, -0.25980448756849844, 5.7464282714922215, -2.4688295370906763, 2.4650607595289955, 3.6383533927472977, 0.0060298724685437, 1.5804656740046874, -0.009927483277941195, -0.28898071473430514, -1.5712288233999208, -1.272843099252183, -0.10589585016815764, 4.035659555120387, -0.6228161776356933, -2.260445065412016, 6.561590203275712, -1.7026811896437544, -0.9661162087803296, 4.689904993411075, 0.19878296293912262, 1.1049574229716508, 1.1960110972144482, 1.960519995090787, 3.7296423362647673, -0.17703707614936814, 5.615801036016984, -0.01841344078991828, -3.805530595847038, -1.1332528013060408 ], [ 0.8850683224182627, 2.7833125482345036, 3.9436522899012436, 2.0912530865689063, -1.15736553265565, -3.3778807929650956, 1.1200096831042576, -1.780116310198961, 0.7506744810226063, -0.9420607021542121, 0.5635091506363441, 0.026779056879074534, 5.8251869267292635, -1.6308352084515352, 0.6198395585066397, 3.2307514690040455, 0.4966353010898015, -0.6103921616316502, -2.057994609677346, -2.608525046718065, 0.07533036050857544, -0.07491493769807328, -2.48719435377576, -3.050962540673436, 0.05276035199711901, -2.091533119086328, -1.097808033271737, -3.5254329602152543, 1.5499341034964726, 2.0599622060936125 ], [ 3.5789865055232664, 0.46793802200318235, -2.9826054375480764, 0.5639794792433498, -2.719311681776957, -0.6063592745929283, 3.745687486869867, -0.9539504395107129, 2.2853305363159744, 2.8070725231558495, 2.858929336066273, -0.10692209093381214, 1.1177075380815706, -2.6089402727073585, -0.7398010801225859, 1.6850500039626362, 1.148262674326677, -0.3079368820524982, -2.004915084915, -2.212406591583687, -0.3468034563416033, 0.5876426591185907, -1.946861199473121, -1.9578886900746209, -2.870285654644123, -3.1405266944123347, 1.356691094095064, -1.1958353225141836, 0.9343884825287144, -3.8793984152295593 ], [ 0.024519821123324455, 0.17001497552059078, -1.4275220446747252, 0.03487049679071568, -0.26288650783448814, -0.23979957961923215, -0.5657664746042291, -0.2573373540817505, -0.9078568985074348, 0.17590528078508552, 0.04140777738113027, 1.150837486873662, 1.7861787908762239, 0.661753923544498, -0.4392643188379402, -0.36003081300609624, -0.8888102281010076, 0.0014165596597654122, -0.07062457739506914, -0.7317272494566659, 0.1250312317953283, 0.09254915245898622, 0.5256969793939961, 0.23415811464285025, -0.15309879620952216, 0.048229321067672776, 0.3714884058040301, 0.7935623610977495, -1.4387491001574844, -0.45414901605211305 ], [ -0.31847759206360887, -0.24021349191802266, -4.890281900081291, -1.8098870040063675, -1.135199731569112, 3.4674579290560317, -1.492701442934304, -0.28066314682374777, 3.1127477608926886, 3.579115031768836, -0.8701789434548469, -4.322423240029979, 0.08407676317063498, -2.237956130984954, 3.1076115411975413, -1.6516284764707256, 1.6939693434601368, 0.6122304501353489, -0.26020016922549416, 3.7273893994883194, -0.3961478135126919, -1.4595301811973538, 0.7066332467881463, 0.15913046728224478, -1.4452706753499112, -0.09418667938362629, -0.42644373983632566, -0.2467301811114878, -2.373759163958493, 0.18450683094864384 ] ]
  }, {
    "Size" : 15,
    "ActivatorType" : "Tanh",
    "GradientAdjustmentParameters" : {
      "Type" : "Momentum",
      "LearningRate" : 0.01,
      "Momentum" : 0.9
    },
    "Type" : "StandardLayer",
    "L2Regularization" : 1.0E-4,
    "Bias" : [ -1.9532180500523575, 2.939300974487447, -0.8883547080446615, 5.513100219612905, 4.085133568469332, -2.7013622341946233, 4.904357933817639, -3.3350852827418325, -0.1860336659362858, 8.213772469695986, 5.487413879290186, 2.3073544143406757, -1.695118455455152, -2.317714181464357, 2.6449822899799194 ],