{
  "InputSize" : 7,
  "BatchSize" : 16,
  "Layers" : [ {
    "Size" : 20,
    "ActivatorType" : "Tanh",
    "GradientAdjustmentParameters" : {
      "Type" : "Momentum",
      "LearningRate" : 0.01,
      "Momentum" : 0.9
    },
    "Type" : "StandardLayer",
    "L2Regularization" : 0.001,
    "Bias" : [ -2.398608406643441, 0.8164740639978055, -1.8662411113459831, 6.585278412102681, 0.8147765893679512, 1.7037957232371772, 6.0731317926134345, 0.983957762050761, -0.8651220027295046, 2.950126554249334, 2.977214143965828, -0.3074497066484178, -1.698364406857239, -3.381949046399788, 10.827282013073047, 15.81756918957393, 7.421864176415476, 4.813625272101753, -6.91927453907655, 5.711409861149173 ],
    "Weights" : [ [ -1.0434311980044326, 1.8419727440905853, 1.4214721619912767, 0.2339718121700153, -4.023970753076884, -0.10955102628906921, -4.010413773787925, -0.30130202302209597, -2.6498488513841, -2.263199833454493, -3.1036386518595376, -0.2734143283313012, 0.43694780914081865, 0.9186804745898514, -4.692836600219836, -4.497539767134315, -1.1359081557530974, 3.1263320240596517, 1.7455237226555227, -2.689354916611947 ], [ -0.17482876198270758, -0.05304637168991225, -0.7817250843106387, 0.1830520502579114, 0.0628829230921999, 0.02778042094402608, -0.3139306525426647, 0.15172647922183316, -0.16684886202421276, -0.035297550617329206, -0.13388823347890363, 0.04279276516899597, 0.012621524115472979, -0.11498823864402805, -0.19218469555339854, -0.026510269743483944, -0.12671217758797504, 0.09545954832137679, -0.02491264555803544, 0.09184890277510199 ], [ 1.093469805224962, -1.069376239527612, -1.3216492406656177, -0.8572082093753869, 3.1799611142288873, 0.23988066444199313, 0.9055261259865766, -0.1274952666846806, 0.4116258748438727, 1.1679523657966235, 2.411406944440971, 0.6841229442836799, -1.206800217324343, 0.9288365680447666, 0.7201714230912727, -0.07779047389500458, -0.7514168887450902, 0.4425899234520271, 5.3231352634639935, 3.245114532008279 ], [ -0.7538198203787592, 0.6131531331315788, 1.1685126374403847, 0.9025488010936552, -0.4485823833980436, -2.327156462255075, -1.5012724400189268, 2.966345029645046, -0.3100531344752589, -1.553878304218135, -1.3932744021103993, 1.5005007586598476, 2.5263280941878685, 0.991949890954114, -2.113918174315606, -3.037930140326256, -1.0299619276371723, 0.0027288928392825334, -2.3832729877657775, -2.670660829828192 ], [ -3.6409131692456116, -0.09416430479113833, 1.367831114885757, 5.191068848001282, -1.1848496000176532, -1.132355115399921, -2.3111502340356456, 1.2663572079017364, -0.1342836707600651, -0.8545438158943477, -1.314089349755496, 2.5683303806122675, -0.3752863777220816, 1.2900932260185725, -2.6167433423129944, -3.827457911118721, -1.416350736159351, 0.04176295946097318, 1.0020654649098468, -0.09553025194964077 ], [ 0.06184467471278304, 0.06275284549211377, -0.30103082970293327, -0.068074538738741, 0.10605756875050366, 0.015747035664370093, -0.25515143728268347, -0.10503207782361727, -0.06117271712233448, 0.16785287433102708, 0.10659779496126762, 0.04243030316015652, -0.1621194035419413, -0.0774209688323691, -0.1744058509640462, -0.11709126011357088, 0.26718011761217514, -0.035698225143134164, 0.25507443813565595, 0.20327762539471264 ], [ 0.5497922367494091, 0.7153281511768094, -1.2788097962328304, -0.9094611863836937, -1.0797074302734448, 0.4183650088765941, -0.3397666355053962, -0.2577580965664199, 0.09439288370090503, -0.5531182266462196, 0.5312557557014211, -1.0973745040474772, -2.1745109743741238, 1.3934347752702416, -0.1971112235188687, 0.44991977954863893, -2.5981003450837017, -0.10885514723908801, -0.3011140318235261, 3.128792526520568 ] ]
  }, {
    "Size" : 10,
    "ActivatorType" : "Tanh",
    "GradientAdjustmentParameters" : {
      "Type" : "Momentum",
      "LearningRate" : 0.01,
      "Momentum" : 0.9
    },
    "Type" : "StandardLayer",
    "L2Regularization" : 0.001,
    "Bias" : [ -2.713311330973498, -1.1767126542672182, -5.5474039418895424, 4.556294068116531, 5.433268173971975, 6.435735622556199, 1.647852302259424, -5.904696679528366, -1.7301620723403943, 2.6402710207761895 ],