{
  "InputSize" : 7,
  "BatchSize" : 16,
  "Layers" : [ {
    "Size" : 15,
    "ActivatorType" : "Tanh",
    "GradientAdjustmentParameters" : {
      "Type" : "Momentum",
      "LearningRate" : 0.01,
      "Momentum" : 0.9
    },
    "Type" : "StandardLayer",
    "L2Regularization" : 1.0E-4,
    "Bias" : [ -1.330186774330403, -5.395005882970525, 0.18719811081808593, 2.2257169171878557, 3.628196880574032, 7.318324930503259, 0.004272830265591633, -4.794010214598246, 12.033949777104619, -2.50383928897186, 3.45431321365452, -0.12305641304331588, 2.684176037544432, 5.543577642740693, 3.309564010828189 ],
    "Weights" : [ [ -0.7620373692688592, -2.0005668736222497, 0.8788220266812073, 1.8858680341830836, -4.335687837024851, -5.468873658211947, -1.9278656938411474, 1.5602890998946228, -0.8656746726808837, 3.934506316265044, -1.4749506922168019, 2.119370043415474, -1.6518996396162524, -4.565414650706558, 3.0930734837502785 ], [ -0.16457606160783522, -0.06489406093755229, -0.025044262363298663, 0.0020916767825965034, 0.09097347027111602, -0.18211125295071987, -0.003676173760080779, -0.08764475960832624, 0.17132549450012888, 0.0169612756969704, 0.14121658115904076, 0.022851893281053047, 0.05835378593829439, -0.02474129913144383, -0.04109653435909074 ], [ 0.7255481609809878, -0.15158293260416641, -0.5964176844085596, 0.06837475880626578, 6.061358064723659, 5.164415206187075, 0.5854811076445116, -1.385679304988002, -3.5575738534658146, -3.2797604341003086, 0.01966875755672047, -1.7963823232224294, 0.8008842727646799, 3.9681518682868395, -1.0519967585518217 ], [ -0.4955054193369963, 0.7032087662029425, 1.7568004007229332, -0.48730700144157035, -0.3596229326951715, -0.5217245204510711, -0.16578386092344574, 0.2355631806155726, -3.988877019641825, 1.339806083083471, -0.1194881825151207, 1.4966189893306172, 1.1313933051074438, -1.4819101266196246, 1.1861334769773335 ], [ -2.134074706003855, 1.460038046432286, 0.8801261364968975, -1.327286917756277, -0.2357029808382619, -2.024909875371432, 0.6892211522124507, -1.69638362533655, -2.4643160289470516, 2.3346208951516787, -1.118217099186013, 2.167194808132868, -0.9500808326987372, -2.3966152422441587, 0.9827644790558144 ], [ -0.015133310020071011, -0.05543326075811381, 0.014855556230129876, 0.07643946275047755, 0.07376686883121034, -0.21028064901419163, -0.08419946148735526, 0.0931862309830053, -0.052762430983989174, -0.05429029649486469, 0.1459669020056447, 0.04930676024558334, 0.04958427307204976, 0.04686766955763384, 0.04689344753678837 ], [ 0.27023199096988276, -0.1314354597819397, 0.12609973269203134, 0.1411993563355287, 0.5952258802002506, -1.1376747593945418, -0.29896670119271, 0.523788432562524, 1.3412235983375393, 0.3630437379560804, -1.1461112944741194, -0.14334528039346275, 0.018974629986099348, -0.5620483411147499, -0.08647407981404125 ] ]
  }, {
    "Size" : 1,
    "ActivatorType" : "Identity",
    "GradientAdjustmentParameters" : {
      "Type" : "Momentum",
      "LearningRate" : 0.01,
      "Momentum" : 0.9
    },
    "Type" : "StandardLayer",
    "L2Regularization" : 0.0,
    "Bias" : [ 10.894062364998 ],
    "Weights" : [ [ -1.0144448213596504 ], [ -2.1163759872550023 ], [ 0.9010338468576291 ], [ 1.0282217122521797 ], [ -1.8531182855654886 ], [ -2.840555768939741 ], [ -0.7288311948908796 ], [ -3.409906804150791 ], [ -3.7111834283065326 ], [ 2.101547143940161 ], [ -1.9415685917777417 ], [ 1.3145161999103654 ], [ 1.2824216727784612 ], [ -2.3543617218135817 ], [ -0.5583498044380034 ] ]
  } ]
}