{
  "InputSize" : 7,
  "BatchSize" : 32,
  "Layers" : [ {
    "Size" : 20,
    "ActivatorType" : "Tanh",
    "GradientAdjustmentParameters" : {
      "Type" : "Momentum",
      "LearningRate" : 0.01,
      "Momentum" : 0.9
    },
    "Type" : "StandardLayer",
    "L2Regularization" : 0.001,
    "Bias" : [ -1.4314422901340198, -3.883289925272793, -2.9721814466708274, -0.9367899246667762, -2.907364958815608, 0.8900979702026542, 2.2618401976246214, 5.988066380469896, 0.7270613466326848, -3.502900764142736, 4.03709390557381, -2.979277643141235, 0.4892300685949368, 9.892953070600994, -5.0778828384355235, 3.734239852305188, 1.063578885145685, 1.945321163457692, 2.3210468728944957, 1.3811151772715489 ],
    "Weights" : [ [ 3.0839695268787244, 2.034441390732747, 0.12478309165026504, 1.76590181902494, 1.6228717144329023, -1.7813831465698702, -0.7696437379587152, -2.655472684401109, 2.3579707997918984, 2.308495602664522, 4.277788662436804, 4.163138739100852, 0.5281285962176508, -4.23451823005207, 1.7408519473108992, 2.2676614937505617, 1.4335813614434645, 0.24072912855360307, -1.696025950299485, 1.5626264635535931 ], [ -0.09140860379910394, -0.2463314371881311, -0.0477306252347314, -0.06300112524045569, 0.028672572797617323, -0.028982985390388735, 0.04051093185845825, -0.04369659393003601, 0.12092702495384848, -0.19380160638967028, 0.11815341600717856, 0.21212216365590753, -0.14117070041737126, 0.03273010622604187, -0.010376590696976344, -0.05973298522164279, -0.28260262563679045, -0.05205308273603319, -0.08921528378548527, -0.011429930904558697 ], [ -1.7924598452753475, 3.0261792354711106, 0.8719338751093114, -2.6832549278746, 0.3745032264799399, 2.063161542051938, 1.4906004261832264, 0.6839709069767083, -0.3613997264313069, -1.1136303929653102, -1.2481250455235489, -3.8124443839288538, 0.7432842209322652, 1.5622273027534845, -2.340664572289732, -2.578382024558654, -0.5041969620281933, 0.35488823209057685, 0.39696765135657347, -1.7726320736787915 ], [ 1.0630611224823956, 0.9364261380199934, -0.8118683983958686, 0.15619308682042413, 2.436973965304815, -0.6542600206355985, -2.2405220671896604, -0.6204472070717575, 0.16135697851261013, 1.3142925417367406, 0.04311113261052435, 0.11903952559895012, -1.2070263669392185, 0.11239693457577526, 2.8029103308205494, 0.7272571201525216, 0.47844730450129275, 0.3616974854687694, -0.4833370069742251, 1.399569040344362 ], [ 1.389245205904613, 2.3496979643922202, -3.0038031534711838, 1.2875791310309492, -0.8015934402034037, -0.4786007359480464, -0.5383995336776152, -2.0890603994427543, 0.29710898327243956, 1.8933558085949265, 0.29009596793595177, 0.2390017261247827, -1.5924714053983913, -2.1176428297585206, 0.3607190715679318, 4.203483934421938, 1.6599767821716174, -1.9130918725415222, -1.3524024909337116, 1.099592453313138 ], [ -0.055847551252933524, 0.14269152511449829, -0.02666664856165985, -0.3171003548915261, 0.09693710122142743, -0.00865990189409647, 0.11643169187228031, 0.04893478288576474, 0.12752317734459614, -0.04524797101562936, -0.07977330674118896, 0.16344713643365008, -0.2180744137038167, -0.02769516999674754, -0.12265900919511986, 0.024847554782844023, 0.08386926721347567, 0.08381550629924579, -0.03533408266171754, 0.06919734963216945 ], [ 0.16487096764706816, -0.19911221920932912, 1.7440581092592027, 0.5530711232193521, -0.8181843227741791, -0.7550370841093352, 1.5992648203547828, -1.7796951906850027, -0.1360534659235404, -1.6602978379077775, -0.009311776124191427, 0.34279912902155957, 0.7128827372800953, -2.7801889426474395, -3.2329585771438705, -0.23721262554710876, -1.0713702166809906, 0.12903133108338727, -1.3242375772101989, 0.41446954219513354 ] ]
  }, {
    "Size" : 10,
    "ActivatorType" : "Tanh",
    "GradientAdjustmentParameters" : {
      "Type" : "Momentum",
      "LearningRate" : 0.01,
      "Momentum" : 0.9
    },
    "Type" : "StandardLayer",
    "L2Regularization" : 0.001,
    "Bias" : [ -3.226472731303349, 3.08863634815402, -3.480466432300163, 2.4117106462416262, 4.603513767434614, -4.914524035955421, -3.8148656219238513, -0.054533674529294786, 2.3971697559879117, 1.864423221358697 ],