{
  "InputSize" : 7,
  "BatchSize" : 32,
  "Layers" : [ {
    "Size" : 20,
    "ActivatorType" : "Relu",
    "GradientAdjustmentParameters" : {
      "Type" : "Momentum",
      "LearningRate" : 0.01,
      "Momentum" : 0.9
    },
    "Type" : "StandardLayer",
    "L2Regularization" : 1.0E-4,
    "Bias" : [ -1.2736083338557667, -4.273750353791032, -0.7627843141625561, -5.052392919552299, -1.3402876781552957, -1.9661635263549175, -0.7728983356584088, -0.1900309645553913, -2.0065107830435926, 3.2703069251571524, -3.371834517882961, -2.0535671882294393, -3.756574956768598, -2.529919516459545, -0.5442171118310685, -3.575535992363868, -2.3313200394708007, -4.013348940232134, -9.547415060909612, -1.5714876004653395 ],
    "Weights" : [ [ -0.11771941255828615, -5.004384571851671, 3.250871508549106, 3.2264755132842335, 0.7658109474371093, -0.4727328076123223, -0.7992473096057949, 0.05703919562776291, -0.9232947877624497, -2.449863272314744, 2.49805536741302, 3.3710462603186095, 2.171633721305512, 0.20451587334422555, 0.6327192560614465, -1.3227168157257279, 5.096769211101747, -0.570626042328816, -0.857989548492296, -2.0611076994489106 ], [ -0.10228188478751818, 0.06613822263660062, 0.055753758331777696, -0.09605245301119895, -0.346190461978458, 0.026186693517508176, 0.15073176702747013, 0.09654365508510658, 0.011682079961179821, 0.012973107394337343, -0.012118298684214764, 0.065073173989075, 0.037853401113073136, -0.1475388883014856, 0.20954608638250005, -0.11156109531284403, -0.16784387063720807, 0.2221703889804755, 0.2981881017883204, 0.04281880751755819 ], [ 1.271690491571689, 0.8689725060616722, -2.0996704073530728, -5.3666843261755695, -0.2942987765127803, -1.5963330943386551, 1.9792051037195024, -0.6772396724355894, 2.380611718914082, 1.3049284999074524, -1.170477310444194, -3.507595917210599, -0.4294448730844873, 0.914449974191724, -1.4562745494073863, 0.7869419914277704, -5.8544088121982485, 1.640318508431008, 3.008274253621518, 1.932868536008083 ], [ -0.4835504056489874, 0.19388650859919854, -3.457743174316938, 0.22364118367349345, -3.156405008304404, 0.29089854754595684, -1.432772183073243, -0.8658946589458625, 3.545687522607468, -2.254857133669364, 2.2113161887147808, -0.167884258521364, 0.6149555773858567, 0.4705403952494099, 0.6457490108860294, -3.6473307628219667, -0.13655420612306496, -1.9833669640935323, -0.5179042058911091, 1.327595411460421 ], [ 0.29953053910075594, -0.4094644124739704, -0.09427730362870335, -0.845874999796268, -0.529374061987873, 0.8578208758403727, -2.0424555220320664, 1.1284121093740145, 0.25229986675362315, -2.313162908320194, 2.051557358409707, 1.5539009164733553, 1.538192623089371, -2.93807835051036, -0.1701910793285149, -2.3116599793868384, 0.5770662702772708, 0.6989149791034348, -7.113364659413773, 1.97209603351729 ], [ -0.1011227359433547, 0.23766074300920273, 0.02530498354225979, -0.26294296217042246, -0.1206687300847811, -0.08963049385996105, 0.10037880734295089, 0.06316530081207866, -0.055074116075683924, 0.12021021264780299, -0.08772651157028015, 0.2696224471110882, -4.011581800971221E-4, -0.060691944339324844, -0.15956618147809262, 0.041785945003162385, 0.057407287735095444, 0.053671243944329206, 0.1775181726458772, -0.10568589032127236 ], [ 1.2309437985878435, -0.18544743386666374, 1.5343546255090181, -2.370105988123522, 0.5604485708093478, 0.9985844680746785, -0.8637955509902722, 0.13963780572278167, -3.9650926076529536, 0.17447275283928618, -0.03576797749405585, 1.1051820687622627, 1.077249850666042, 0.5549938820494108, -1.389098340881017, 0.598030999992124, 0.4727682804632248, -1.7629901208892476, 0.660650159512657, -1.4679888088908084 ] ]
  }, {
    "Size" : 10,
    "ActivatorType" : "Relu",
    "GradientAdjustmentParameters" : {
      "Type" : "Momentum",
      "LearningRate" : 0.01,
      "Momentum" : 0.9
    },
    "Type" : "StandardLayer",
    "L2Regularization" : 1.0E-4,
    "Bias" : [ -2.7424894524793935, 0.7974475701718329, -2.6979715905185797, -0.4920923842942411, 2.3556570302034934, -1.3205851379072664, -0.8977994339366668, 3.0058988870909094, 2.6528805357422685, -0.1928743896510184 ],