{
  "InputSize" : 7,
  "BatchSize" : 32,
  "Layers" : [ {
    "Size" : 30,
    "ActivatorType" : "Relu",
    "GradientAdjustmentParameters" : {
      "Type" : "Momentum",
      "LearningRate" : 0.01,
      "Momentum" : 0.9
    },
    "Type" : "StandardLayer",
    "L2Regularization" : 1.0E-4,
    "Bias" : [ -1.0212742792847653, -0.7111959970050002, -2.147026498049211, -3.3034710906513687, -1.7359630454992414, -2.055161147634719, -1.2662598753175562, 2.417281255624111, -0.12771411816494319, -5.493080042524378, -0.21425142297148367, -2.994202715353502, -6.6704390499231145, -2.2364752507042884, -4.094523513471197, -1.9062666147002947, -2.7983881648432467, -8.392986353688526, -0.2654182536444869, -1.0647946564886939, 0.5546881110380729, -1.1697235108451862, -5.220007548626605, -1.1050595954710982, -1.7317021745434757, -0.7509148265669737, -2.3636188283253405, -1.7824151541602684, -3.7879780178195386, -0.5877886673797084 ],
    "Weights" : [ [ 0.3777374757100767, 0.22283111466913563, 2.565723232148365, -2.699990457621814, 2.6683571281213982, -0.14250700356933016, 1.4540099453987467, -3.622050302434395, 1.0637742523298275, 1.5105877366682772, 0.6695872270615291, -0.9046186025113584, -3.5014800345416703, 2.6319438789975007, 0.774860919608971, 1.569500779992988, -0.3609669532149597, -1.6434136903397942, 1.217328621384699, -0.9268524646276692, -1.162698617899303, 2.3448881380260915, 2.436779742236091, 0.354058400670957, 0.6644434627529929, -0.2302028630123201, 0.6829772095202447, 2.238951837122062, -0.394995065282925, -0.6905430093698028 ], [ 0.014229254351664517, -0.3736961736115186, -0.6910325513965583, 0.3839465405005185, -0.2370945954104793, -0.06859887311064918, 0.13597853293731127, 0.06503162336049208, -0.17833889776181533, 0.055114086906716, -0.15489845566437727, 0.7620666777322811, 0.20948749658340582, -0.219507631668529, -0.43994175534039487, -0.06777203929834907, -0.31758911906834414, 0.3402024270163971, -0.05002333945284086, -0.4642860048765735, -0.1913159263925089, 0.31350537713218984, -0.02020494778773812, -0.010128717631850876, 0.20820766599692916, -0.017005336165763576, 0.2999141403988741, 3.3619529055305835E-4, 0.20575304604904487, 0.2713723550708708 ], [ 0.09248076077947703, -0.08873125259635514, -2.3300169566616615, 1.4030862747235908, -2.877145040603316, 1.266822936688596, -0.6706321020858166, 2.8307113826560926, -0.2899132364306903, 0.2301691989915251, 0.2763246410212397, -1.260035607487, -1.3051217624425826, -1.9882158923584996, -1.5552081501875648, -0.2798395940149072, -0.2107259937441533, 3.342064156332278, -1.6716833650088367, -0.6931839865681411, -0.2874348220583094, -2.3240423208880348, -2.7041045155336763, -0.11099537320419925, -0.8820490478994535, -0.7501673144087095, -0.867844743430964, -1.1935363817306455, 1.6898234222309978, -1.445125727461248 ], [ -0.9105658165562583, -0.6610549216120032, 0.5356922096819974, 2.010215391788767, 0.35864622063036017, 0.6670460085430904, -0.8040020963816163, -1.0118086611161654, -1.9663078413446327, 0.4342738931299783, -1.9091208154903345, -3.5094202871476097, 0.2293288319367658, 0.8514730386856221, 0.4608677394774574, 1.7387098809846684, 1.0611492079673603, -0.1615111349354331, 0.059060990127773105, 0.3798906519822786, -2.4295688181205395, -0.015454014053359427, 3.0635420187592906, 2.2181436389639084, 1.6092810561701383, -0.9261281124544204, 1.7459408682457243, 0.4593813181538623, -1.2638203078455053, -1.9054738751779952 ], [ -3.2105290808569396, 0.02679154097014242, -0.07331984060287526, 1.746096733810381, 1.5669835933039702, 1.3596748096937066, 0.7657391083063829, -1.763088979716631, -0.3678730498603729, 1.0779886201070168, -0.04625152880074769, 0.12111014013642332, 0.5820963556538288, 1.3956504251103496, -0.10592396524408466, 1.3376116355405654, -1.6274873095976077, -6.651924748292993, 0.06828303410944615, 0.6304146010593974, -1.1315235571173246, -0.01930093234645939, -0.18548645976256264, 0.3245336000885311, 0.7390464642119581, 1.8523998214810504, -0.4642548832137501, 0.9107132934586263, 0.7620294143682004, -0.7059205852179019 ], [ 0.12422008811377418, 0.4374074462130961, -0.5829923127181066, 0.11470850806060819, -0.251775661667687, 0.2891775728957561, -0.157998100528742, -0.05525053116056168, -0.5749880709665935, -0.00933552913928209, 0.3994278231892847, 0.38832404856605335, 0.4301942059962272, 0.27548705598667766, -0.27462240768815577, -0.2673049464731487, -0.1814926302485535, 0.13018036176323547, -0.38780107265709646, 0.042335621228031674, 0.1450153241367191, 0.1957144195809474, -0.34620473307565086, -0.0839506317704001, 0.20023746273230575, -0.017220742820550444, 0.4017842477841038, 0.3145547653968626, 0.046790129313845095, -0.23568839554571397 ], [ 0.9225658470806904, 1.3437662669828745, -0.619971982080873, -0.3319021991516042, 0.41731017570732154, 0.5206075684808196, 1.8679123161565134, -0.6293601305027551, 0.63670204321735, 2.2887569718410807, 0.5713654621860423, -0.09846136885120249, 0.6204336985176285, 0.5310068574737821, -3.1530402937625137, -0.3106224635780619, 0.6851472827940109, 0.41168565287716097, -0.34928679519712946, -0.27687533560389227, 0.37010321591826606, 0.8408310959447495, -3.4180060515675166, -1.6572335906407558, -1.7800831928315173, 0.2105520603354292, -2.998972794017308, -0.019384635039048373, -1.8147879316490847, 1.8304166873088865 ] ]
  }, {
    "Size" : 15,
    "ActivatorType" : "Relu",
    "GradientAdjustmentParameters" : {
      "Type" : "Momentum",
      "LearningRate" : 0.01,
      "Momentum" : 0.9
    },
    "Type" : "StandardLayer",
    "L2Regularization" : 1.0E-4,
    "Bias" : [ 1.9646681336458198, 1.4291138109301726, -0.8008841920976484, -0.3336943379938109, 3.168015582862007, -3.0565763981937746, -1.1498500468574038, 1.513748598084511, 1.156018496473882, 1.188835378719852, -1.101807679483089, 0.8958007612807461, 1.5496955248892317, -1.5342800414842381, -0.5518582512340294 ],