{
  "InputSize" : 7,
  "BatchSize" : 16,
  "Layers" : [ {
    "Size" : 30,
    "ActivatorType" : "Tanh",
    "GradientAdjustmentParameters" : {
      "Type" : "Momentum",
      "LearningRate" : 0.01,
      "Momentum" : 0.9
    },
    "Type" : "StandardLayer",
    "L2Regularization" : 1.0E-4,
    "Bias" : [ 3.294382873847825, 3.4701157812321153, 5.25918427162083, -1.5085648033780512, -1.7615669509829233, -1.9908079517908772, -8.77093269705561, -1.675527201566325, -0.5012753044335403, 3.3530300281336216, 9.033308910310401, 2.914551070898626, 8.957321546427767, 9.247034780110733, 4.174284289857285, -6.677799453187212, -1.935694523684693, -12.176358005238212, -2.2351426004052635, -4.795616673218851, 0.5961669064188527, 1.6289359558095413, 4.8813312184991995, 1.8110511895953973, 2.585073956254064, 7.048992806372577, -2.1115991634722664, -4.728572419506464, -14.394684838713587, -5.535731700583767 ],
    "Weights" : [ [ -2.0977134211426383, 1.5549538957440436, -2.394572777014245, -3.232181014420561, 2.3867923478762365, 1.0087541786745262, 7.186688290126239, -6.980338833191756, -2.9155261452949723, 2.251010654303255, -4.326745764844421, -1.8379317575652472, -3.456597904317343, -3.0354173254177064, -4.308151892161403, 2.982489361298022, 0.7757772375640658, 4.016600394415043, -0.7483820169238159, -5.483686123722291, -3.038090837539463, -4.560304981842606, 2.671298126010921, -0.349885858119665, -2.223689609838426, -3.7505633542849943, -3.7770477052522615, 1.9156655983744213, 3.591816228802502, 2.39815005642399 ], [ 2.8951488854709115, 4.913407673652148, -0.559417588597979, 0.8051790345414617, -0.5221097962576534, -0.2850905237267119, 0.43860115945213035, -0.9155511527844812, -0.4962745168039295, 0.21718205855927872, 0.6450862276698295, -0.7567259180073801, 0.1870271731479376, -1.8437360404741487, 0.2583340183222035, 0.11493202044287551, -0.33226397229022875, -0.32878953086528107, 0.5368626438586492, -0.16815839661818527, -0.15089098359644412, -0.036134081935019935, -0.04873850942674179, 0.21295827685781926, -0.1704295448509371, 0.9256960502420774, 0.09898195875782308, -0.048875957993950975, -0.6122446559791489, -0.411913500010147 ], [ -2.2245254789643334, -4.486999679207869, 1.6735809786592901, -0.0908470051012607, -1.9402087586615453, -2.9019053587685826, -2.756789862567893, -1.7545027344071193, -0.07836374653467792, -2.942804675949008, 1.8989768133410905, 1.3349270580329786, 3.5765910456443466, 0.5974952136296925, 1.4229124793432748, -0.15905174300846722, -0.5616339584705863, -4.569628335288131, -0.29480030981383193, 1.7532526669604098, 3.940161914134389, 2.6881746045235455, -2.7496413838876266, 0.706427368899077, 0.3320722827568249, 0.4819186044134675, 0.03327051186117161, -0.6104775552300474, -0.19436319916056194, 6.019141596530331 ], [ -5.918236970564194, -1.824980126983157, -1.4613321596507667, -1.7798120373817696, -1.8860079782275305, 3.2196960521580555, 2.827792977964711, -1.4896583161256958, -0.6803009573393981, 1.9057173991961367, 0.39859408996325435, -5.429531175159739, -6.307519652273242, -1.6273865019950478, -3.2604637650492907, 1.9274899468017532, -3.8340889971698044, 6.082270381484525, -2.2728786026114474, 0.3512867342913264, -0.27035735526917243, -1.083671877722296, -0.5178404199056654, -3.548156745007921, -2.147188257986502, -0.4705977365532061, -2.393839021640363, 3.983336324615605, 0.9694438983095368, -0.29801068611082077 ], [ 1.9896803793931277, 1.3876360796053115, -2.8398274750093258, -8.54991983355784, 3.072448459024913, 2.308112538651098, 0.23787788462996792, -0.42818873034464827, 1.5806162590319328, 5.382260099813452, -3.073311094239608, -2.2095524909483255, -0.20118410276190524, -1.9313198351457566, -2.5665734307330754, 4.024990714723989, -0.7675478183074358, 0.16184320136293648, 0.4667969419448038, 0.24227121854394582, -3.341589055951451, -0.43592719775500527, 4.676501516286729, 0.07522045893551002, -2.7930657672223425, -2.912356818384631, -0.8829914431120545, 1.3832530092215278, 3.3634954121364022, 3.6192315211288175 ], [ -0.2676228593999096, -0.4462189750279702, -1.0206455057825417, -0.40768048536597656, -1.0264926450710024, -0.6408787123420989, -1.1365056319463462, 0.302843542598911, -0.34247283989646704, 0.011259413540905623, 0.12544000892439044, -0.3808805225293139, 0.21553590743824905, -0.24630067106805054, -0.20017570771294546, 0.33269106227545847, 0.08379588046923817, -0.36412934546645925, -0.05498714867720648, 0.3891852818654237, -0.1800929146209721, 0.2551772026410297, -0.013577144576896351, 0.2248818863871396, 0.4124805725739293, 0.07211221501116223, -0.047240697534098305, 0.30954850247323357, 0.0030755792171643934, 0.9070466931521843 ], [ -3.5356780129260357, 2.6205604711724786, -1.47453252017072, 3.5288011219460635, 4.169005137391207, -1.9080208682413802, -1.249001868723165, 1.825958801679219, 0.1267208561683572, -0.4193703466856556, -3.7826287793603, 0.7866472167624866, 6.753415371806476, -0.7336787350790713, -3.7718797485444555, -2.281787840794158, 0.6432345684665898, -6.745261022747748, -0.08664576966371779, -0.05109420852789597, -0.6738786627106278, -0.13209936075544623, 0.37216264019595147, 2.921814302004302, 0.66652978236701, -4.068330669995118, 1.7079938557233174, -3.2670081240485014, 3.7814654402861505, -0.5489634790569591 ] ]
  }, {
    "Size" : 15,
    "ActivatorType" : "Tanh",
    "GradientAdjustmentParameters" : {
      "Type" : "Momentum",
      "LearningRate" : 0.01,
      "Momentum" : 0.9
    },
    "Type" : "StandardLayer",
    "L2Regularization" : 1.0E-4,
    "Bias" : [ -2.3382141348823535, 3.414482070249781, 4.31889010527489, -5.448727279845967, -2.8795193852616046, -3.0260492336608693, -5.5235711338943805, -3.2774844563454417, 1.0431062062205967, -3.8049211810058807, 2.4915210157795165, -0.13296630189536063, 4.939044629609664, 1.0644540582740891, 3.223572535439219 ],