{
  "InputSize" : 7,
  "BatchSize" : 16,
  "Layers" : [ {
    "Size" : 30,
    "ActivatorType" : "Relu",
    "GradientAdjustmentParameters" : {
      "Type" : "Momentum",
      "LearningRate" : 0.01,
      "Momentum" : 0.9
    },
    "Type" : "StandardLayer",
    "L2Regularization" : 0.001,
    "Bias" : [ -5.399017100741147, -5.757655783931136, 3.3725114502844944, -4.2879540680915, -4.9382554014908955, -4.563287212770392, -4.9484569460791725, -7.6720256162926015, -3.0353657224144435, -6.374032448328558, -8.037463160663421, 2.4628475411011754, -2.84688544995808, -3.407316789697678, -8.472426307128003, -8.23193452652202, 0.4583251685227275, -6.300598077434537, -1.9166150384473344, -0.6092864416432574, 2.007940749449122, -0.9130913272400697, -2.997950897333545, -2.9318953769292126, -6.3920601709871585, -3.875337823125283, -5.897921264417885, -2.072268625657876, -0.21885462391599514, -5.414050813416287 ],
    "Weights" : [ [ 1.0815914772398207E-5, -0.1545100285204837, -1.7738626697763307, -2.538131478706072, 3.7237407220384605E-6, 0.21535546153315396, -1.7639377871450104, 5.220086336257257, -0.08426946417541402, 0.46484841533692356, 5.851105224291692E-4, -0.7581862975619988, 1.1041013592290823E-6, -1.3407624888262628, 0.05725357983869822, 1.2386728187673959, 1.2226490083790764, 9.15647569464707E-6, 0.23943679361263606, -1.0681572415732183, 0.329208758863359, -0.5345449034302591, -1.4531493710759087, 6.488287287732016E-7, 1.0364957742877252, -1.8345427825191174, 2.3463693946480434E-5, 3.9768266643171755, -0.15707993858671854, -0.6129250731641421 ], [ -1.5207868930186103E-6, 2.88305740693465, 0.09448191246619213, -0.10709423750674806, -8.582402193666435E-7, -0.04957050742232359, -0.2425826021637877, 0.024240761393848204, 0.12417967335857091, 0.16343969331970296, 7.1925196328625E-5, -0.10517196832351865, -6.552897438482709E-7, 0.27725154122417156, -0.017427843269330775, 0.059995681937900336, 0.1262326468162723, -9.648115103285966E-7, -0.0869869061119519, -0.048826259681750334, 0.09396137951487926, -0.2834449359493589, -0.0760473954486282, -6.558954228345286E-7, -0.0987831155976786, 0.1569357007896825, -1.6642617731025725E-6, 0.08412786016146911, 0.154990175007224, 1.573990810892201 ], [ -8.456638678055502E-6, -0.309266917824665, 0.2410629913630358, -1.8883887983109036, -1.381020051124744E-6, -0.030680999560173946, -0.83886574365158, -3.0358666384013553, 0.542686806014804, 0.5608872284268839, -5.472295980806162E-4, -0.3372861547194866, -2.4157500748988554E-7, -1.1554868306056338, -0.0503548653183041, -1.0607278706676362, -1.019548192752856, -8.857396594012314E-6, 0.4365580610138244, -1.2013333083354367, -0.7045189800526671, 0.7347858665038859, 0.6749520530897927, -1.896749780364149E-7, -1.2079873028418748, -1.3499559911300805, -1.8756446131776315E-5, -4.671870995855262, 0.7913185309730545, -0.7781563896798958 ], [ -6.894527740191473E-7, 0.1342084371434189, -1.7228939109530161, -0.4726011928344217, 1.4096280218980027E-6, -0.23610901036521445, -1.3858920132609611, 2.004973311869039, -1.1416001496992092, -1.1426001137723774, 1.4714716098545447E-4, -1.664345758433799, -1.136359039819624E-9, 0.5801528048607155, 0.016336227622592094, 0.14946149447843457, -1.8243668748652275, 5.304634463784088E-6, -0.12544859984667447, -0.2745095031211293, -2.4115648348019816, -3.3378920391154736, -3.886342183909128, 4.947145762494365E-7, -0.026785948691076845, -0.9384869119527997, -8.039545421234607E-6, 1.0254101666379256, -2.3619986265725172, -0.5612306707273089 ], [ 5.106070965408356E-6, -0.5297253739484737, -1.3944058899860576, -0.3445951721376377, 1.1445750468454142E-6, 0.18057404229743726, 0.18333503561780692, 2.909035739082519, 1.9612011469817179, -5.28968440884963, 1.804914253469209E-4, -1.3133765838493605, 3.024563755082952E-7, -1.7075433476637794, 0.027663199932285908, 0.7092382433607229, 0.2456924722186778, 2.2083102922878694E-6, -3.4521932674958227, 0.8519925492446713, -1.579567110354458, -0.19840048241425734, -2.023200806975945, 1.1795420140503138E-6, 0.19958004510961588, 1.0515339209073824, 1.8639109805347878E-5, 0.2724994499009692, -2.03072898875034, 1.606134329578766 ], [ 9.545231303806206E-7, -0.864539392522694, -0.01614808483155385, 0.3479270542210679, 5.2468514998928284E-8, 0.09472734863800089, -0.18120498184447648, 0.016974233132730717, 0.15847359980389497, 0.16679015177610362, 6.67915324319519E-5, 0.1258674300431557, 2.0637879062942E-7, -0.29374919678329076, 0.013764297160829242, -0.0681968761279929, 0.055187979391794484, -7.057664058944166E-7, 0.11633231261351236, -0.07811627218793772, 0.19033607061311858, -0.13298038893104325, 0.0836013013451836, 2.8743039436427915E-7, 0.14056408604929096, -0.3472624675785706, -1.5580778273452488E-6, 0.010160746819839535, -0.03180812586889951, -1.8051720612283175 ], [ 9.86143480006298E-7, -0.46304985793888664, -2.834664050111197E-4, 0.31099631411748974, -8.775158688655982E-7, 0.1820843557001062, -0.25413663509765216, 0.7574449483629794, -0.8925964602204512, 0.8442044688053064, -3.3271294149434547E-4, 0.6760612594827301, -2.1510397082013368E-7, 0.3191922296142074, -0.024181701131402823, -0.0945843617541668, 0.12153921534807259, -7.125579678475073E-6, 0.6325627308544456, 0.2876022192155095, 0.9983437729798044, 0.12420185914272412, 0.576232830777487, -1.2912921405119123E-7, -0.1582585940692168, 0.07473693822759532, 4.125320438435747E-6, -1.5805753866813395, 0.15578246685011615, 0.35127510303346965 ] ]
  }, {
    "Size" : 15,
    "ActivatorType" : "Relu",
    "GradientAdjustmentParameters" : {
      "Type" : "Momentum",
      "LearningRate" : 0.01,
      "Momentum" : 0.9
    },
    "Type" : "StandardLayer",
    "L2Regularization" : 0.001,
    "Bias" : [ -2.8458223746054214, -2.6421520912925636, -2.151001855846156, 2.150807836635091, -0.6211755207835198, -2.610832479514423, -2.7796951535753207, 2.8183398845002285, 1.2516361736241683, 2.8985493504608466, 4.392356942288841, -2.8810108465422766, -2.150102079989086, -3.0540886321293335, 0.6690437486194424 ],