{
  "InputSize" : 7,
  "BatchSize" : 32,
  "Layers" : [ {
    "Size" : 10,
    "ActivatorType" : "Tanh",
    "GradientAdjustmentParameters" : {
      "Type" : "Momentum",
      "LearningRate" : 0.01,
      "Momentum" : 0.9
    },
    "Type" : "StandardLayer",
    "L2Regularization" : 0.001,
    "Bias" : [ -4.3964148949893085, -4.479983557125696, 0.5595726978168439, 1.8086539785604363, 0.513048869392473, -1.1743934187041616, -5.313540543917233, -2.843861222074367, -7.836818389012962, -2.5672267107485753 ],
    "Weights" : [ [ 4.420755291365232, 1.2569483192909192, -0.1745642468630751, -3.2042153621699256, -2.0949040038400204, -0.7845070208886775, 3.1395866963095886, 2.4421802174814373, 3.1506143217565072, -1.6987860896102647 ], [ -0.029688179674122017, 0.06927814721266592, 0.03373743777130982, -0.047614404631994844, -0.053261728664008495, 0.015481918186505078, 0.08910896106795327, 0.004118065978642676, 0.010149051125266003, 0.013599357083373495 ], [ -5.881082731511271, -0.8225799194292057, 0.24202687019973876, 3.725977369004634, 1.5276606856028185, 0.5626192575340573, -1.9404705853464816, -1.476659139941202, -1.620552632012655, 0.8602811073053145 ], [ 0.4339272319095129, 0.3908200398300841, 1.1365963465710576, -0.6417920394322201, -0.6212221623039782, -0.007227435174963952, 0.47540497680678845, 0.7345122778580639, 0.46874253549095357, 0.6491064052474345 ], [ 0.4604355411952394, -1.5191682842908665, 1.5145282239648739, -0.6954496591198694, -1.4435863163736375, 1.238022572572002, 2.0284356315113667, 1.773756081520957, 2.002384269034208, 0.7150734723822031 ], [ 0.03094888303510132, 0.03142141325280084, -0.03670345041530393, 0.06206275105359497, -0.007113638362622606, -0.03965290035877634, 0.05467669192443773, 0.04185701942764107, 0.09313304364555659, -0.025989236359010313 ], [ -0.3342843714221981, 0.16054675559745923, -0.6946246308630951, 0.4178919996807661, -0.7844451699790265, -0.535302626661721, 1.47663138650999, 1.0506403776466942, 1.459625400568557, 0.20260708021197749 ] ]
  }, {
    "Size" : 1,
    "ActivatorType" : "Identity",
    "GradientAdjustmentParameters" : {
      "Type" : "Momentum",
      "LearningRate" : 0.01,
      "Momentum" : 0.9
    },
    "Type" : "StandardLayer",
    "L2Regularization" : 0.0,
    "Bias" : [ 10.639637527495443 ],
    "Weights" : [ [ 2.9739565132508115 ], [ -4.634868117638916 ], [ 1.42125290946938 ], [ -1.8648101705931113 ], [ -1.9363353451901324 ], [ -1.3600859060993622 ], [ 3.306620198258797 ], [ 2.3108780410940546 ], [ 4.623664397299046 ], [ -2.9232874464420253 ] ]
  } ]
}