{
  "InputSize" : 7,
  "BatchSize" : 32,
  "Layers" : [ {
    "Size" : 10,
    "ActivatorType" : "Relu",
    "GradientAdjustmentParameters" : {
      "Type" : "Momentum",
      "LearningRate" : 0.01,
      "Momentum" : 0.9
    },
    "Type" : "StandardLayer",
    "L2Regularization" : 1.0E-4,
    "Bias" : [ -3.3608652508949786, -5.007385434122426, 0.4238878278714397, -2.2406073428647795, -0.8276898814370831, -1.5716156002059791, 1.6859320903894124, -0.25597835860736834, 2.3427874985503254, -4.183281230833054 ],
    "Weights" : [ [ -3.0172947981744995, 1.6619119264101163, 3.440171845551566, 2.478187462324689, 1.364374545478703, 1.2121847776098371, 0.5679421396235699, 3.393628571349789, -1.1657591950402417, 8.344780557107727 ], [ 0.021381687780558014, 0.17179172274803065, -0.0018776958593014889, 0.05206831757850919, -0.06456844541370783, -0.15291443402092297, 0.05383798123338417, -0.038511847799229795, 0.04467188816796246, -0.004290373602987007 ], [ 1.0510704632548955, 0.29220998689265376, -2.728427604182802, -1.305363475551309, -0.8589636330630313, -0.09438277776620346, -0.4881237520206697, -3.6868606535456374, 0.7727923461878111, -11.101650296009208 ], [ 2.1482045974962864, 1.065792886249562, 0.35662358354703577, 0.6322895568354215, -0.23578042185843595, -0.510350506381857, 1.1197034368285899, 1.0883609109376493, -0.2804746970604397, 0.03538084907491361 ], [ 2.2255147438437954, 2.0603026416004564, 1.680200169161642, 1.823664857255649, -2.5459696811499364, 1.2891561959738733, 1.9497908877571466, 0.9923444431416302, 1.3243726024073152, 0.6666021267417062 ], [ -0.10471836268168679, 0.18011215825086857, -0.03673346929540211, -0.006653762054778159, 0.08075298059447313, 0.11938313430117148, 0.019100335079985525, -0.07273492204825072, 0.0037731039352747126, 0.12226490242411206 ], [ 0.3969789541531436, 1.157460851508136, 1.385265246224167, 1.1916915622486555, 0.7418771870056637, 1.6696234458810306, -0.5467912369200226, -0.25694431117530986, -0.42644132391298734, -0.038649727652528026 ] ]
  }, {
    "Size" : 1,
    "ActivatorType" : "Identity",
    "GradientAdjustmentParameters" : {
      "Type" : "Momentum",
      "LearningRate" : 0.01,
      "Momentum" : 0.9
    },
    "Type" : "StandardLayer",
    "L2Regularization" : 0.0,
    "Bias" : [ 4.108769816452968 ],
    "Weights" : [ [ -0.952302456000748 ], [ 0.5236211716565025 ], [ 1.1099500053019298 ], [ 0.6773713176350936 ], [ -0.8553987007830154 ], [ 0.47596904201722123 ], [ 1.0920449989937777 ], [ 0.9333256089575864 ], [ -1.1581640419729393 ], [ 0.8123126438708191 ] ]
  } ]
}