{
  "InputSize" : 7,
  "BatchSize" : 16,
  "Layers" : [ {
    "Size" : 30,
    "ActivatorType" : "Tanh",
    "GradientAdjustmentParameters" : {
      "Type" : "Momentum",
      "LearningRate" : 0.01,
      "Momentum" : 0.9
    },
    "Type" : "StandardLayer",
    "L2Regularization" : 0.001,
    "Bias" : [ 5.1181206306423, 1.9169879004288597, -1.415566221598227, -12.346829899545705, -8.11333426331276, 3.708246634325363, 5.893709917320043, -1.7798339020892988, 3.2772774090831533, -5.011585575378244, -1.62181314222506, -0.8621368396763235, -0.9400726139775842, -2.741743749733396, 2.977829631960348, -1.2181250755653565, 6.24329862196768, 1.3284013308658824, 3.0323448936286006, 0.7761664362968278, 3.0155871877513727, 3.040701110956626, -5.930964757138539, 0.8984999545087807, -2.7375062862676516, 0.32535085262567465, -8.709530772906295, 0.7616810834555983, 3.739743949717159, 2.212111280515896 ],
    "Weights" : [ [ -2.638092717549391, -0.6156933577462652, 0.9901197936201327, 2.4697423110556445, 2.083896354126883, -1.6203100716941388, -1.9448230635400023, 1.243134764250723, 0.8379904369327554, -1.3412346365782069, -0.07728380833930576, 2.7464299870868136, -2.396436623105541, -0.3730040563043178, -0.861123350250346, -1.8331591948929518, -2.1036482057186965, -2.7068147906607263, -1.808102680145656, 1.990546794711342, -1.059365683022875, -2.9494652721681476, -3.0937756261834264, -1.0118003283102401, 2.7632817406238788, -1.4168744958338455, 4.268895958810251, 0.8415793161206326, -2.72986409610034, 0.4763116515367556 ], [ 0.03694879997732543, 0.26103637240006583, 0.5194687200594397, 0.2679133031443567, -0.9780753616636823, -0.6170238297992066, -0.5498816426158577, -0.2568425884071435, -0.292303754933277, 0.12466905516008263, 1.8893119740976638, 0.02892180784312016, -0.17246631145577768, -0.02732659091586672, 1.0008611232219113, 0.013293017022349609, 0.1958275921117708, 0.5491053669980372, -0.01587201321393851, -0.10531666338871452, -0.13400810625512824, 0.009586195818721853, 0.08642215068871295, -0.14506416609408343, 0.2007109203830933, 0.2531866506627268, -0.3075362712042938, -0.01419939494736844, 0.41365341043071063, 6.691717857356833E-4 ], [ 0.5883651562007043, 1.333161591935696, -1.4468124049419948, 0.9815472286830736, 2.4517007871768306, 0.30010121163067505, 1.931750185182651, -1.02382857754194, 1.0791592312613392, 1.2779948611214071, 0.07453604950979277, -1.062508329306061, 1.9131057040989692, 2.0592301478198864, -0.45743618289525684, 0.6432599309861171, 2.3389039944943373, 1.8254359329562264, -2.0109407390924843, 0.6972651613382871, 0.8112480054624477, 0.964433135579431, -1.8424349281608325, 2.840045942127994, -0.24577854200423024, -0.5300292062354983, -0.2647364017420238, 0.12027099308138411, 0.25762889314513776, -0.9865744335645453 ], [ -2.0463391822478743, -2.7248893968223107, 2.3282801953249805, 1.1121485557375155, 1.109715977334834, -0.07225192775733405, -2.920915260703586, 1.846190705599306, -1.9162294529851744, -0.8728076174551014, 0.6479880521351761, 0.9058667747165696, -0.3787440539831652, -1.2481780192588934, -1.659467227252095, -1.321100566687248, -3.2791796439427316, -1.538885827807666, 0.18171953223666612, 0.5551430267751379, -2.6456862095122253, -1.9283868173666376, -0.07111999868250886, -1.6017822850983023, 2.0000546533503414, 2.2305108669207416, 1.1079952861025428, 1.002681605144114, -0.5797861098533512, 2.940051487742016 ], [ -2.8033288266070917, -0.2512665609218876, 0.7055145443772539, 3.073205396543853, 1.1799256885827938, -2.0394939514149657, -1.3570158863592268, 0.2629518507952009, -2.5189361972265623, -4.809814986209262, 1.1055817943832322, -0.9747654926592619, -2.7036994929275937, -2.155475800358641, -2.1932406932380606, 0.5306899313577695, -0.006937052854128237, -1.994684943844719, -2.27064359164634, 0.5946267263855187, -0.1894870942577221, 1.3183261618258049, -0.5544063564202413, -2.5598070136210005, 2.8934553437367705, 2.172197350807329, 2.9073316760478645, 2.378883138199545, -1.9954787885079395, 0.3365484321431952 ], [ -0.43377251678881124, -0.06696795861396258, -0.2738290470990002, 0.14568562536310461, -0.4908131000005912, -0.5189255999158657, -0.7479716078981047, 0.04085922538374036, 0.3172058745420238, 0.11516962177262781, 1.4843446784280794, 0.008766385235754308, 0.151363633710429, -0.16532121961207744, 1.2385030778635584, -0.1395990100601742, 0.25707912163690116, 0.4990701541733389, -0.1251363497441456, 0.06996175425628988, 0.25414135092433204, -0.11760866848455538, 0.3262169993539204, -0.48812635871676285, -0.3189540955485064, -0.21734785083788435, -0.5524273822238299, 0.40213631147530743, 0.39850772299792164, 0.002074081178907263 ], [ 2.5222671975035924, 2.0049595519018952, -1.5055184259185195, 2.6982395697976926, 1.0237370873478653, -1.7307055425951359, 2.077452602142106, 0.6776679665428674, -0.8121009148536704, 0.39319246257409335, -1.408800544313619, 0.7215823049214009, -0.3073888799685072, -0.5709958603232299, 1.3188212062440945, -0.055185887201382636, 3.8289863486567026, -0.49108322791563913, -0.1309467953575726, -0.3728560834912326, 3.1896338976613614, 0.7637577559742981, 0.09525979976200495, 0.6156952936903466, -0.56162495586599, -0.19178009726952663, 1.859781343481475, -1.5868365670362217, -1.605444999883869, -0.17073159117466674 ] ]
  }, {
    "Size" : 15,
    "ActivatorType" : "Tanh",
    "GradientAdjustmentParameters" : {
      "Type" : "Momentum",
      "LearningRate" : 0.01,
      "Momentum" : 0.9
    },
    "Type" : "StandardLayer",
    "L2Regularization" : 0.001,
    "Bias" : [ -3.405146093224071, 2.616226406324478, 1.4386730979105133, 0.7600112344941506, -4.660984574886155, -3.9884787799360746, 2.6679882355722886, 0.5384026537737451, -3.9714466203290546, -4.068337885862342, -5.400152643457729, -0.07946830736893688, 3.657019828886496, -3.8205014282399135, -2.1749725940674924 ],