{
  "mean" : [ 91.62018240496518, 6.4590999976327375, 134.40485908884952, 0.2716516702222196, 1.09389081343166, 0.030065648954747472, 0.3580630718342926 ],
  "std" : [ 40.47130705871335, 2.5856989165549797, 66.20392166815363, 0.07885373630860569, 0.5640007347813141, 0.005818744091421651, 0.08482884832458314 ],
  "numFeatures" : 7
}