{
  "InputSize" : 7,
  "BatchSize" : 32,
  "Layers" : [ {
    "Size" : 30,
    "ActivatorType" : "Tanh",
    "GradientAdjustmentParameters" : {
      "Type" : "Momentum",
      "LearningRate" : 0.01,
      "Momentum" : 0.9
    },
    "Type" : "StandardLayer",
    "L2Regularization" : 0.001,
    "Bias" : [ -4.698389216244606, 1.7728135913357213, 0.13818263317243829, 0.7844946933997663, -5.157609414473079, -0.5388476678218519, 3.178235467273728, 2.6995149426132907, 3.8120110449142266, 1.5440557746371322, 2.358971813362376, -4.9669925256464875, 0.8672047783523943, -1.0953892821948144, -3.0825296254048906, -0.790350451284159, -3.2105526859193234, 4.519040648093313, 0.6985006949927205, -1.7729801999745514, -0.7926442083150568, 5.133071944115086, -0.028043158125902218, -3.985015179388345, 2.7677437774817, -1.4462109696275336, 7.6372858352889015, 4.818842374163736, -2.0310493071835993, 2.354346318466449 ],
    "Weights" : [ [ 2.804293641160469, -0.1542083369496584, -0.7184899093878732, 2.418168995119891, 1.038801238249191, -1.0628230696470984, 1.307766156404783, 0.39428259650072023, -0.8386527303080462, 1.121026012048445, 0.765668554209221, 1.9183549548320862, 1.4750110818206843, 3.6611695600111243, -3.76888181391819, -1.4402240936983486, 0.3544407943127472, -3.8932541428325362, -0.3505088544315126, 1.6392074903479572, 2.599203710874871, -3.2364739717054674, -1.1517220173904852, -1.4564485259405278, -2.2881293644983676, 1.8674716923926566, -0.9117536767518385, -3.107961867409611, 0.7358839416146956, -1.678292510029165 ], [ 0.3666405566654244, -0.3163688850039059, 0.9796504579045382, -0.27721714427959054, -0.30214770588109474, 2.1982642395665972, 0.548645744636708, -1.1267927199344718, -0.5903867281986886, -0.2060660836023774, -0.19270340221568724, -0.004798293910086197, -4.4228578625470603E-4, -1.1040154204993917, 0.10744093667628322, 0.23646872800075253, -0.4579163947940109, 0.26039005594737424, 0.01225213775195253, 0.11598714497893399, 0.4185775655870309, -0.09383299705116148, 0.2598052630364181, 0.08782570032510108, -0.3995715234148465, -1.0967728885893473, -0.0835369044677512, -0.33507103732092774, -0.25346940150117586, -0.025273217718499087 ], [ 1.0929478049712664, 0.4702905369193155, -0.3859831313655792, 0.6215517029897685, 3.7312354626445674, -0.45906992456907314, -1.5166762781902217, 0.15915989180035472, 1.3784851845335517, -0.4959032821980784, -0.34872273283053223, -2.366394340692978, -1.3091596422251595, 0.23574642710554305, 0.982489320138518, 0.8168617219193375, -3.3531152558565793, 2.1603826941371964, 0.33381958587151656, -0.2680739617041202, -0.1413435717862529, -0.42743844493590527, 2.93162611160267, 2.1343315661230884, -0.16723780383067796, -2.6495296109302457, -0.9881920554699786, 2.1285413670541637, 2.7281279929275692, 1.065255733715539 ], [ 1.4128846297886217, -2.871981420441333, 1.3801953307134587, 1.031285833758101, 0.5053483649058313, 0.2316995951930313, -1.7414126603396, -1.3608120851732566, -0.8322591466899211, 0.3551355658071356, 1.0698919984394897, 2.8964695269096365, 1.492444048547599, 1.3545690864433322, -0.37005040048238114, -1.2628020425289237, 2.6259093826486635, -0.8676471792408801, -1.5854135570189634, -0.09869340573310773, 1.7888829112352433, -2.391069611710549, -0.6829478239453899, 0.17516158416699515, -1.4901252606806756, -1.0093453020334515, -1.9199520410045028, -1.1431268976067894, -1.481741595615674, -2.114826741199591 ], [ 2.593039074168902, -0.253233403947148, 1.3952295125384064, 0.6336952058166246, 1.1740740453105984, 1.3449251341185136, 1.8705953979521557, 0.24606878188385317, -1.93712087909306, -1.8411821932639387, 3.0847018124418244, 0.1976336375678295, 1.0859616237343932, -0.9391205044633314, -0.2973580386688137, -2.905167054167143, 1.4607519203467914, -1.8909454981691984, -1.5585266668428017, 0.7582433904824281, 1.3019830297003487, 0.7538948010123216, -1.1962162249044062, -3.0649741167063627, -1.163166668903202, 0.7074288459919515, -2.2130982152171854, -2.352198495398364, 1.2116283166107096, -1.4150007543243885 ], [ -1.5505126851058426, 0.3313901307520298, -0.8369974814047401, 0.14456935262467474, -0.4333488842838154, 1.3918192641321752, -0.48801271271478996, -1.1630384780437146, 0.3509324178476788, 0.1186217121072569, -0.41756487362741446, -0.26746676865794766, 0.24602142568971624, -0.15807550052835018, -0.07007279376861826, -0.17942969795051955, 0.581360099725239, -0.2491860898718667, 0.4137465029622461, -0.17694833991792325, -0.2329444765548841, -0.23262800110352413, -0.13434889233985425, -0.27901447318961664, -0.08455678895842121, -0.46647212548904415, 0.22060260180891011, -1.1649050285152969, 0.0190719314369138, -0.5621739979235105 ], [ -0.34834644490977146, 2.4811038538229617, -0.07885031576973482, -0.7523032088542568, 0.8338593930985805, 0.21190045712270994, 0.5665013387840313, 3.121219820487278, -2.0569796800002065, 0.6079496294960267, -0.3995350309447768, -2.923111616965305, 0.29407116327870325, -1.469240559621937, 0.053859412406695444, 1.5786858107176662, -2.04219357458615, 0.6252050788241263, -1.1162130763209517, 1.5916056913582155, -0.282941669226146, 1.0906724693686842, -0.20465396808673733, 0.05731111119546097, 0.3312147908509736, 1.7194631951414834, -0.9087561648316457, 2.4834050001210963, -0.10761212638308079, 0.04758933345461708 ] ]
  }, {
    "Size" : 15,
    "ActivatorType" : "Tanh",
    "GradientAdjustmentParameters" : {
      "Type" : "Momentum",
      "LearningRate" : 0.01,
      "Momentum" : 0.9
    },
    "Type" : "StandardLayer",
    "L2Regularization" : 0.001,
    "Bias" : [ -3.405453306133423, 4.541528707086342, 0.9618158204396907, -2.083525540317713, 0.6747639975339931, -3.6623724977665137, 8.950966620474102, 2.4236080995693854, 2.5475847135272423, -1.950869560555888, -3.090672761442715, 2.2041625142001804, -2.8886276544950205, -0.8447524752478297, -2.552516812176718 ],