{
  "InputSize" : 7,
  "BatchSize" : 32,
  "Layers" : [ {
    "Size" : 20,
    "ActivatorType" : "Tanh",
    "GradientAdjustmentParameters" : {
      "Type" : "Momentum",
      "LearningRate" : 0.1,
      "Momentum" : 0.9
    },
    "Type" : "StandardLayer",
    "L2Regularization" : 1.0E-4,
    "Bias" : [ -3.915796782677604E-4, 0.6011881716532191, 4.336570914981158E-4, -5.055156405551559E-4, -3.7203619886958406E-4, -4.4964232980032766E-4, -0.0211106764519016, 2.1997780775834193E-4, 6.305094164332893E-4, 6.672099081441004E-4, -3.9967025256726905E-4, -0.05127580665525139, -3.57593114893107E-4, -3.4546636306253246E-4, 5.722758149746609E-4, 0.014177325194597953, -0.47341509362905926, -3.645389965113447E-4, -3.875399481825928E-4, -3.5645041137221783E-4 ],
    "Weights" : [ [ -0.002319220933073716, 1.613867703099377, 0.021123988709766096, -0.011842465531237092, -0.005953507433310755, 5.821499401035565E-4, -0.047021487814739096, 0.01824842203563889, 0.013627252009274535, 0.02164026444824454, -0.018675292735941318, -0.06149271141308566, -0.003952521649997424, -0.012384729624351597, 0.008289581656598518, 0.008148624398292914, -1.7704939449476638, -0.008179822226612772, -0.020578611838280244, -0.019477732930414115 ], [ -0.0018495946508793582, 0.12478258707253641, -0.011721036600882391, 0.008847560486398476, 0.006027746755726545, -0.007051694582465652, 0.0018428107626814313, -0.007603210363828662, 0.008280067029985946, -0.004195401560407163, 0.007375388121652034, -0.01969838498155973, -0.016691933954934478, -0.00899274898972566, -0.005562553705490857, 0.0029500770874712804, -0.06976980392317163, 0.008587239146492776, -3.1353074459465597E-4, 0.004219169504583256 ], [ -0.01691577143765846, 1.6968762502213806, 0.006960126829614772, -0.01732505687945465, -0.015169309994307129, -0.01899995426549388, -0.02932701961651628, 0.019007010769237893, 0.010440051056442374, 0.006785661970056122, -0.004718818352656298, -0.11300580299032137, -0.014532314856796461, -0.010893850074659473, 0.01984491835509123, 0.025165366405838198, -1.9211317061913733, -0.02048923930188165, -0.0022551025259254904, -0.005281196095748752 ], [ -0.011940989736434987, 5.025860915877294E-4, 0.005815162642904642, 0.010651248112867325, 5.494699476998131E-4, -0.003984464579037921, -0.006880588054119902, -0.015112908193566357, 0.011571962408330173, 0.005196284726921691, -4.2875669141711054E-5, -0.0058093050400896745, -0.004818899902461597, 0.0073432329296931895, 0.012344422415554775, -0.01013076596798046, 0.00866435924865889, -0.013780385609624888, 0.001688921590480813, -0.005380667338383615 ], [ 0.014789802492705843, 0.01128067652308947, -0.015026819462405527, -0.008434366064159423, 0.008241863215475025, 0.0031277188010887724, -0.011562583616314449, -0.013812166825409125, 0.014507995097980057, 0.010086143290786977, -0.012119983046678292, -0.011334338550611677, -0.013622021647716056, -1.545817902368665E-4, -0.014640094572374184, 0.010634618680260582, -0.029278262263640262, 0.005678072175562321, -0.006706464019289164, 0.0031149451626532976 ], [ -0.010950999867052386, -0.008787399088648165, -0.006021674167615928, 0.010219092524535742, -0.011161751628212152, -0.005352057114830962, -1.065505254298502E-4, -0.011189063892615338, 0.015031227112465547, 0.006323089684373092, 0.0014821946575291243, -0.009038149489935102, 0.0064545300711710656, 0.014144179997901728, -0.002543700090386252, 0.006154662791669895, -0.0061459887478383735, -0.01093581711585187, -0.010502828729905843, 0.014899579903458544 ], [ -0.007419041143509988, 0.003352654186368454, -0.0026798233999519566, 0.00478265307521797, 0.0042455019349426784, -0.011212674088780596, 0.004398305497038352, -0.011063064958628051, 0.0017575657773514137, 0.0031877711854280807, 0.005590041004187284, 0.004539468515815264, 0.005671506552808264, -0.013446396947805441, -0.005264283775083737, -0.00334073676611119, 0.002945159088679702, 0.0018030286488906133, 0.012902248912261204, 0.006459739001392144 ] ]
  }, {
    "Size" : 10,
    "ActivatorType" : "Tanh",
    "GradientAdjustmentParameters" : {
      "Type" : "Momentum",
      "LearningRate" : 0.1,
      "Momentum" : 0.9
    },
    "Type" : "StandardLayer",
    "L2Regularization" : 0.0,
    "Bias" : [ -0.7106423133092132, -1.405237311144428, -1.5733713008908596, 3.52560008885603, 4.334083154591322, 2.5421645233899732, -3.454078236224918, 2.9795770612130186, -1.026783191014371, 3.6373975250764237 ],