{
  "InputSize" : 7,
  "BatchSize" : 32,
  "Layers" : [ {
    "Size" : 20,
    "ActivatorType" : "Tanh",
    "GradientAdjustmentParameters" : {
      "Type" : "Momentum",
      "LearningRate" : 0.1,
      "Momentum" : 0.9
    },
    "Type" : "StandardLayer",
    "L2Regularization" : 1.0E-4,
    "Bias" : [ 167.14698082654687, -113.10098406749832, 1.6819096610713993, -12.01444149473864, 27.440377612344925, 18.09242083724028, 3.8047717902423996, -6.470559440748969, -32.536257966566474, 113.69470143929539, 45.230726254423104, -297.1534443420739, 173.18292059496403, 62.70394892438718, -406.4754486508915, 142.6311580060652, -231.375054569661, -172.56578521171193, 69.39913132873811, 30.482216972205094 ],
    "Weights" : [ [ -106.76710191097673, 1.7742591550837736, 51.58886046446515, -0.06568414362613487, -0.00842125064620276, -100.28989776021962, 14.08070488374347, 0.002953029788999302, 138.40798311206134, 164.50075805676082, -0.06243434358567611, 30.173657030054272, -2.9932630389760932, -96.01470219438522, 47.52364948157203, -180.83522811792201, 124.80185525871883, 1.4324276604209956, 13.44684415719182, -24.340371255754196 ], [ -59.23573905185746, -0.46821771452800637, -41.05864261969088, -0.0025857196714031043, -0.046067131559680945, 48.450371331445574, 384.5751169069933, 1.1909215283639051E-4, -54.04440160993258, 15.547242975077193, 0.15935703992224087, 27.6033628414047, 1.055432910999971, -70.2514843335763, -39.81834722401778, 5.231577778867298, 39.19054460676804, 1.0280505985199913, 41.21469436818996, 33.012969151532076 ], [ 22.60883610367808, -2.7190190486110044, -89.62219797239105, -0.057178653607263624, 0.034415210804493834, 4.054838298557524, 20.833626474522386, -0.038316552188022684, 20.703011168457717, 77.84073360432845, 0.10739930053286675, -19.656532475564383, 1.9094377141177572, 5.30978261680122, -16.15667248414184, 60.37396902008762, -93.32706041155421, -0.026661677843431007, 75.7600776168625, -63.53168448878844 ], [ -124.12557769049789, 1.884195299322036, 173.92969835403798, -0.1723860888338857, -0.07346494974346197, -48.06025753101292, -202.1544251333169, -0.021090048029783218, 61.67388459584285, 49.32851163792707, -0.05922214441660938, 14.412040983556611, -2.7031921614974523, -125.65393460145384, 19.047478471456802, -196.5787239838817, 238.65724849684324, 1.643724398009864, -71.58890405847775, 17.83678783097095 ], [ -127.70546304516024, -0.1394787845009092, 43.89912974273937, -0.1579672822405954, -0.20019426507981034, -132.23569480358893, -211.57105198781832, -0.04344553972276672, 116.16969665111314, -36.58526854053375, 0.20050161537959865, 78.95139169479476, -0.039630548217011265, 4.168644643206099, 57.222469828353546, -132.6263555594414, 91.22652048651697, 1.2137280055785205, -91.81551988645953, 59.51974392206537 ], [ -14.964219565080787, -0.37830008649599334, 52.53860449869268, 0.02370105597018906, -0.03531353813227833, 0.5992641247799901, 87.69830507903355, -0.02886678921623635, -62.08948183728609, -52.28397011295079, 0.3790633772024722, 7.9994014907709525, 0.8764878160783405, 55.59196465852559, 25.028179719784227, 92.04481283180154, 107.2915106895062, -0.7137986493374839, -49.559304620770206, -62.555610124574336 ], [ 24.700645577772768, -2.900743907330334, 40.67869689147251, -0.06463675095731627, -0.06712887816513073, 67.5875867646249, -168.96544297140662, -0.02342671262619653, -46.94508711594194, -30.20427144359903, 0.06528693633620157, -36.68875190687921, 3.0791892336030933, 7.791164648015311, -15.725073911842195, 92.2097025889199, -38.508521959293624, -0.4928799169235153, 49.031670210471326, -23.636010638493683 ] ]
  }, {
    "Size" : 10,
    "ActivatorType" : "Tanh",
    "GradientAdjustmentParameters" : {
      "Type" : "Momentum",
      "LearningRate" : 0.1,
      "Momentum" : 0.9
    },
    "Type" : "StandardLayer",
    "L2Regularization" : 0.0,
    "Bias" : [ -35.25321680433248, -38.71713205183925, -29.844140018935665, -11.959421789904848, -14.279736906066873, -12.807652485656853, -22.134402422394952, -35.119631819423944, 13.476514121914256, 7.576223835059349 ],