{
  "InputSize" : 7,
  "BatchSize" : 32,
  "Layers" : [ {
    "Size" : 20,
    "ActivatorType" : "Tanh",
    "GradientAdjustmentParameters" : {
      "Type" : "Momentum",
      "LearningRate" : 0.01,
      "Momentum" : 0.9
    },
    "Type" : "StandardLayer",
    "L2Regularization" : 1.0E-4,
    "Bias" : [ -0.003432127736019836, 0.020465496832360094, -0.005263086393722837, 0.0026494600434990795, -1.6768076631302425E-6, -0.012793063712919715, -3.437122893084757E-10, -0.16708882069928943, 1.7006547831324446E-8, 0.018313740902253576, 0.0050038150070426425, -3.0268209177103E-8, -0.016050169533767776, -5.532656224408405E-5, 6.564021890623415E-5, 0.01625666880864239, -0.015272620824916018, -2.9463098737477573E-4, 0.010854057425936729, -0.004090578104921904 ],
    "Weights" : [ [ 0.08194044362184051, 0.9678873703963768, -0.5564519058737886, 0.14809205628532904, 0.002530350115228728, -1.1275517287401515, 0.32992332505607724, -12.738154273064357, -0.11168305260651067, 0.2091106657221522, 0.14993798659494945, 0.09068831326577603, -0.029371158755137353, 0.9678814558342269, 0.01224246636297784, 0.1896665611027509, -0.5744926945252903, -0.02739795886801627, 0.15233767968736842, 0.02782294437950137 ], [ 0.13593839533395477, 0.001797792547257571, -0.24640258283595573, 0.3165301601203214, 0.07208430596310827, -0.018349345694286395, 0.30795087313008296, -0.6286421511938975, -0.32803320736392755, 0.3172933332943678, -0.2546975951295152, 0.04553358030605979, -0.374277136012097, -0.2795899335965107, 0.24709524636244518, 0.40191857788638324, -0.03641637321656867, 0.17289529561483094, 0.09891582160417371, -0.11782808204864892 ], [ -0.5473388928643276, 1.2890910373918112, -0.14909805864053777, 0.08658135309042243, 0.2637708059802128, -0.69909663132932, 0.07776918744588637, -15.841519303128084, -0.2055775002241194, 0.2397855656587992, -0.1776327659086052, 0.2856005847653715, -0.4807440233465186, 0.5777169809203982, -0.2776662750816177, 0.6031686128903335, -1.5025942212644907, 0.16448430583173082, 0.2408318207857059, -0.5950687766493521 ], [ -0.08895292644783263, -0.22204635398202383, 0.2852382937815953, 0.08700176759136762, 0.2623944931497118, -0.06655024510872307, 0.12974783169326223, -0.3560599128884725, 0.04959658759864434, 0.19690851592798878, -0.03200328030328525, -0.07427698881171498, -0.11816929380230648, 0.11968553383764698, -0.0066099523483883, -0.3298857918344845, -0.28948454492228193, 0.20740661383944015, 0.11737193568260261, -0.20683233670473233 ], [ 0.29606205506808814, -0.21214122073902011, -0.24480560401875454, 0.13012136883231232, -0.05010388457414546, -0.2639679162003077, -0.17499260371308645, -0.1465701338457831, -0.11443528837220046, 0.20674872365952562, -0.11647825267562588, 0.293810178113611, 0.11295079437810274, 0.04900804376128866, -0.032767009691002706, -0.03490159973359681, -0.30333043202004295, 0.19523678991711796, -0.28029688937887154, -0.0620280624624026 ], [ -0.11166501505032672, 0.002852041608788102, -0.11426078156173945, 0.16828307731261744, 0.2574345223649057, 0.2777475527295079, 0.0880631246703772, -0.05073521868299692, 0.050737896091511026, -0.026965021438846076, 0.21421662598926572, -0.17924163074745367, -0.13489240551137707, -0.02839180435756271, -0.09936910848198068, 0.21209870691690225, -0.24065285289860336, 0.28472470389916804, 0.021557933453664784, 0.10221312195539133 ], [ 0.028788467738473003, -0.28716488971438564, -0.21396831798142252, 0.12511834226579382, -0.124974291669913, 0.25491601953043325, 0.09006854842091677, -0.24789054929908996, -0.22513958752852953, -0.26529065265911883, -0.03282635591490052, -0.13530873944614394, 0.2770933991356807, 0.16110698996110134, 0.19306738991862069, 0.08848004776915193, -0.08470756251046409, -0.0764516276889178, 0.31220228445624953, -0.057565738752298534 ] ]
  }, {
    "Size" : 10,
    "ActivatorType" : "Tanh",
    "GradientAdjustmentParameters" : {
      "Type" : "Momentum",
      "LearningRate" : 0.01,
      "Momentum" : 0.9
    },
    "Type" : "StandardLayer",
    "L2Regularization" : 0.0,
    "Bias" : [ -0.37757700656861637, 0.2608960705307493, -0.14040089780117862, -0.09376231382317939, -0.17222376854144672, 0.10877253183810964, -0.28590172927507884, 0.027993962134361037, 0.09506703350764197, -0.09516150233254309 ],