{
  "InputSize" : 7,
  "BatchSize" : 32,
  "Layers" : [ {
    "Size" : 20,
    "ActivatorType" : "Tanh",
    "GradientAdjustmentParameters" : {
      "Type" : "Momentum",
      "LearningRate" : 0.01,
      "Momentum" : 0.9
    },
    "Type" : "StandardLayer",
    "L2Regularization" : 1.0E-4,
    "Bias" : [ 2.0573665049635004, -4.265748647324436, -0.6806233540240079, -3.4511077533816894, -1.7263803970083031, 10.78416940637991, 1.5679126241318777, -2.8571640045820987, 3.656618486145512, 1.7095428666941133, 1.8453929082878355, 5.461722274887216, -3.044102114415802, 3.2391461760535623, 4.835391138049515, 1.3078193280190546, 0.1354757806895376, 1.920604506653072, 0.20472843685373765, -0.9383839869113759 ],
    "Weights" : [ [ -2.5235300282269226, 0.29061618152973534, -2.386669376653878, 0.21687349572139877, 1.0022428457731851, -4.606138715779304, -0.3464797348106345, 2.2789984047797973, 1.5651644884834275, -0.28411704607049454, 3.0025067591210255, -2.968151599387322, -3.212682600846962, -4.27506566494983, -2.7291771742286235, -3.853702408577919, -0.9640224677716636, -1.313572219727169, -4.953536534453568, -2.194060703187343 ], [ -0.420481922119194, 1.030383689241001, -0.15541756693948802, 0.3215461572382105, 0.09707241219632613, 0.21395940709013245, 0.14682630096729127, -0.1446435379442654, 0.15481969109393823, 0.24013553497997334, 0.15014167386291435, 0.14199680075274218, 0.010672960380653237, 0.07331004281654013, -0.03869808959917464, 0.2664434330002271, 0.08077285359800992, 0.031047960195386304, -0.13455616113354257, 0.06634934718960708 ], [ 1.55588337993592, 0.7728015247545529, 1.0394910505136166, 2.265892537928244, -2.2740817115220513, 2.3079685532341636, 0.6291786305972196, -3.703611183149029, -2.2667594096785573, -2.211875996047693, -0.9174396615129137, 1.5857920070580533, 1.940337571097523, 4.131974136042228, 3.6080721306501307, 2.9962236096461328, 2.4046021552156005, 0.4704458409091988, 5.612022544857244, 0.0642696270207274 ], [ -2.617760941782974, 2.3721803240316626, -0.10708136847120729, 2.6762306979846655, -2.9622009128722784, 0.13976996847399384, 3.414251882069971, 1.4539097881558831, 0.30515809092943846, -1.3627657986317543, -0.18216954067860452, 0.022711796726177357, -0.6583482264742081, -1.0442095803782532, -1.9203969153961855, -0.02296768807467435, -0.8099317136352805, -0.14441187006025452, 0.06007498370214115, -1.546574345228185 ], [ -2.023334826332768, 0.36493965337835127, 1.8655475160382107, 1.0873862292201484, -3.3745983649001094, -2.658345431284724, 1.1854870645627191, 0.3683179390707249, 3.663940004927123, -2.293670613411861, 0.08738105915391048, -2.053030607415904, 0.7571026763616199, -0.8862367538584826, -0.35065163130397065, -0.5098116012672893, -0.9619298900463029, -1.4993225277364959, -4.177064654798709, -1.0165890808675304 ], [ 0.07908573645300607, -0.17545393190311978, -0.1287396841565521, 0.3301706342296264, 0.10342215162927523, -0.14125042814237213, -0.045522365434358385, -0.14231533644997277, 0.031322023416170276, 0.6037359640856893, 0.06516881581986482, -0.058672248829958404, -0.00887017775806429, -0.05285080829725128, 0.044858292874204994, 0.057738155143853484, 0.02727580680353943, -0.12123387037368198, 0.02689064541407556, -0.0037461693597510355 ], [ 0.351035997271806, -0.31091112298807216, -0.8440620351977083, -2.124972770436301, 3.295736445791763, -2.7057466743777514, -0.7582805264594088, -0.8742702942066062, 0.5706726136064555, 1.4991242956928852, -0.01180248245068884, -2.3423882898991244, -0.9255319495690144, 0.7431295386640859, 2.372429140630257, -0.5793810938576311, -0.20034353263215235, -1.6623736022775308, -2.1850481764457443, 1.162253034427124 ] ]
  }, {
    "Size" : 10,
    "ActivatorType" : "Tanh",
    "GradientAdjustmentParameters" : {
      "Type" : "Momentum",
      "LearningRate" : 0.01,
      "Momentum" : 0.9
    },
    "Type" : "StandardLayer",
    "L2Regularization" : 0.0,
    "Bias" : [ 1.8054384575516687, 4.562889499412446, -3.9886782228653748, -2.511138700506215, -5.721345275083202, 5.397283921525213, -2.3071870978478257, -3.3111548112966718, -6.478796938481708, 4.830398174493961 ],