{
  "InputSize" : 7,
  "BatchSize" : 32,
  "Layers" : [ {
    "Size" : 20,
    "ActivatorType" : "Tanh",
    "GradientAdjustmentParameters" : {
      "Type" : "Momentum",
      "LearningRate" : 0.01,
      "Momentum" : 0.9
    },
    "Type" : "StandardLayer",
    "L2Regularization" : 0.0,
    "Bias" : [ 2.1832515277726586E-4, 3.015407095946667E-15, 9.250865974627884E-15, -2.7936649896522093E-7, -1.8079838051263305E-5, 1.8569735685004243E-11, 0.007492671316848913, -5.514836285507314E-6, -0.005220078312672283, -1.2147764801020808E-6, -1.0729180563132514E-9, -2.136641428939774E-5, -0.017978205813242998, 0.0037179704451138634, 0.009783918170238706, -7.504104146892496E-4, -0.006401214684719449, 0.0013313334003579396, 2.4507173977386793E-9, -0.008519556629333187 ],
    "Weights" : [ [ 0.08246072974003804, -0.41417002089012966, -0.3992111001758137, 0.1553718914829695, 0.1864520961945961, -0.39183544572140355, 0.898673556548229, 0.45735678638302, 0.1492565698538472, -0.3282626204576154, 0.37615504202253, 0.40562682752959217, -1.119300832632061, -0.16735934891544874, -0.13244054463282257, -0.025286474093903204, 0.48644172177984546, -0.5416156046118604, -0.3436092954922982, -1.0251172773461283 ], [ 0.28744192974100513, 0.11607649355498036, 0.2823537342698856, -0.0064465510912979015, -0.13596500891343336, -0.2668927605552819, 0.47879905819338864, -0.0016928205233891738, -0.21757367032016053, -0.21301552175231533, 0.2671674446283087, -0.285700957747143, -0.49225010087676546, 0.24379817685648317, 0.044218951811344546, -0.005398139585495285, -0.22038342231635444, 0.15078627117005705, -0.22625322059722497, -0.2946330576381352 ], [ -0.3960159605753681, -0.39635621273333854, -0.4607729634372212, 0.22266463075883514, 0.15618573408283126, -0.15045640226473173, 0.49969823854690004, -0.058292178284784626, 0.30406688072283744, 0.023467249133545944, 0.09641855492870399, 0.02552605505628369, -1.0461157974409159, -0.4656113214547012, 1.1866843395127797, 0.2794449284555178, 0.5711719146418761, -0.613860474150843, -0.11329962854360544, -0.6131419766370061 ], [ 0.22472245578629943, -0.14488020882827646, -0.286566190860311, 0.013471503111473155, 0.3599377317905976, 0.4529948813593246, 0.06420831002226739, 0.37602792413582137, 0.14143977403039218, 0.026045243232128666, -0.2751981383464714, 0.06488031239538458, 0.14482997464430566, -0.28204076229542807, 0.3970038300048114, -0.2001917325109498, -0.1433528897082149, -0.05047089532567161, 0.24171140668232693, -0.4512827757770827 ], [ 0.18314145382366184, -0.21603969692712577, -0.1552733862152355, -0.30197839692501555, -0.3263406317076707, -0.3227842917545283, 0.12176267720833847, 0.19279549398424384, 0.06312154651641129, -0.3624427495157332, 0.10855944472090436, -0.32951633804748853, 0.2775007370441133, -0.17073136345250783, 0.4126341662152632, 0.12363015818515107, -0.428800179632644, 0.4095640166157006, 0.22547389404468499, -0.4206270322957053 ], [ 0.4142557098342595, 0.1673109759226299, 0.2460673261752342, -0.3943780046139892, 0.4628072083538397, 0.37588292729921574, -0.346523022479734, -0.10992629730093982, -0.33857895283714556, -0.4527646822057104, 0.017589563453778483, -0.002923388098012977, -0.43024207035131673, -0.17868766746725556, 0.2206119739202074, -0.20109200518410797, -0.29609907407114827, -0.22603567508065567, -0.2949671863874746, 0.2535849367009383 ], [ 0.14734835886672815, 0.44321786158727217, 0.3754416129203366, -0.1421732380415847, 0.27665907994839994, -0.22228860833884315, -0.021510588231368942, 0.24438077646857756, -0.36481313381843394, 0.015541995171910173, -0.08117119629937522, 0.15287030128980586, 0.3726091179266873, 0.001934107184158624, -0.16157942281966817, -0.3882416436441348, 0.07014250261779427, 0.40952052261176786, -0.308668934304749, 0.11300203858734911 ] ]
  }, {
    "Size" : 10,
    "ActivatorType" : "Tanh",
    "GradientAdjustmentParameters" : {
      "Type" : "Momentum",
      "LearningRate" : 0.01,
      "Momentum" : 0.9
    },
    "Type" : "StandardLayer",
    "L2Regularization" : 0.0,
    "Bias" : [ 0.001515399092880066, -0.028550948105604823, 0.007566635530216342, -0.07761477930888039, -0.06755504036735027, 0.07097929885651531, -0.024806370711376115, 0.5852235699434931, -0.02389458887155816, 0.12871876291477816 ],