{
  "InputSize" : 7,
  "BatchSize" : 32,
  "Layers" : [ {
    "Size" : 20,
    "ActivatorType" : "Tanh",
    "GradientAdjustmentParameters" : {
      "Type" : "Momentum",
      "LearningRate" : 0.01,
      "Momentum" : 0.9
    },
    "Type" : "StandardLayer",
    "L2Regularization" : 0.0,
    "Bias" : [ 2.0376028054615754, 11.40248591732927, -2.8551382741326727, -8.160109339374031, -2.9870118862843333, 6.578960115370072, -1.77488571234298, -1.0707786996908444, 1.7581168558135571, 0.47281361024811736, 0.7403090706703604, 2.498093632341096, 5.925138909762853, 0.5318825695084933, -5.52318922253766, 3.599778359268958, 3.475938748285457, -0.07827372655179696, 2.260385622480866, 5.158717796604501 ],
    "Weights" : [ [ -0.38674441196466913, -5.797440319827934, -7.677669639125003, 3.0167343572159084, 1.0188447293664207, -2.762479058440434, -2.0894077068795256, 0.8458440480180038, 3.0896905389579814, -2.4784797464765416, 1.6772202772873728, -1.6363757259323204, 1.6570542457730773, -2.7361413012396314, 7.8828322294441024, -2.690793859656771, -2.1375248952251527, 2.5526664784261603, -2.0480165480517076, 1.3260975719236625 ], [ -0.08524189001546717, 1.0012568811686526, 0.017109889974260314, 0.30485786418777855, 0.22886667140849434, -0.00329411736757345, 0.0020089310682425534, -0.15177864392189713, -0.05876122622993775, 0.015428839663666004, 0.03176021056143283, 0.1570145965910347, -0.2393607813947941, -0.08704137294231616, 0.02838716994440094, -0.6420579524602664, 0.3718759142086683, -0.18376181670142894, -0.19892457727693513, 0.20516310667938695 ], [ 1.1698416578777378, 3.22213720714327, 4.559789886769725, -1.3697301535248787, -0.34729559334029814, 4.274302138713684, 2.2406367378132344, -0.6980019385524766, -2.504366670915837, 1.362621189808691, -1.7954906910330042, -0.6584450646377571, -1.9096528769310732, 3.241241096543356, -8.100996666264491, 2.2903614737385216, 0.33926814725445625, 0.07940169455081907, 3.621174711536118, -3.8902304117403825 ], [ -2.8279978396451195, -1.092387394411131, 0.40514365016308257, -0.061080096258131315, 0.18720073078331836, -3.234045178142094, -0.04720932234746352, 3.0420813224584995, -0.25892730687543986, -0.04425628936303898, 2.454449527094091, -1.2196511154064689, -0.09567785688224846, 0.5410303357555373, -0.4712335344892501, -4.043834216198453, 0.8431745311644785, 1.0909141245183798, -0.6083675617716087, -6.399490140317832 ], [ 0.0421919854431051, -1.4890423094547405, -0.803037651260893, 2.0925190521824164, 1.8088669344202633, 0.06805375335252078, -3.1810246804185622, 1.2152207974848217, -0.14070877964512926, 0.6359186466404682, 1.1808800468600609, -1.2997537106085648, 5.294153275619466, -3.1315272349596777, 0.9140542414981297, -2.833767415323556, -0.770201384022561, 1.0337245497182581, -1.893618383747034, -1.8641040872662749 ], [ 0.19880899905474514, -0.11772714565762615, -0.05515246588074097, 0.23353852506127354, 0.10950009856271617, 0.14593353667538142, -0.034677653584328075, -0.12455574628941118, 0.1854896280688794, -0.2054170758135702, -0.11142886250957414, 0.10658538685193888, 0.08961776782292674, -0.1297096757158989, 0.19406508527385077, 0.21517039731744148, 0.21532402931111988, 0.013209210862372636, -0.07818579024084016, 0.2560416803327658 ], [ 2.57906001166321, 0.03932420137477714, -0.6742697053843995, 2.3982729351076038, 1.3249982182737703, 3.474889527787853, -0.3791231788394198, -0.8564960481190083, 1.4660129944172862, -1.0438326249376462, -0.19079682363833522, 1.13464494994605, 0.4235523784473238, -1.29771699140424, 1.6296134137575597, 0.03355292907092514, -2.0105761555246064, -0.4836455304562875, -0.37096440136605713, 2.0173895021864587 ] ]
  }, {
    "Size" : 10,
    "ActivatorType" : "Tanh",
    "GradientAdjustmentParameters" : {
      "Type" : "Momentum",
      "LearningRate" : 0.01,
      "Momentum" : 0.9
    },
    "Type" : "StandardLayer",
    "L2Regularization" : 0.0,
    "Bias" : [ -1.2006301872782565, -3.3358532798510736, -3.2909426532306174, -0.7343049297283695, -1.0635719722434596, -7.49701326218839, 1.563676184019725, 2.1734656274049726, -3.8301048630167704, 3.4779598286889106 ],