{
  "InputSize" : 7,
  "BatchSize" : 32,
  "Layers" : [ {
    "Size" : 20,
    "ActivatorType" : "Relu",
    "GradientAdjustmentParameters" : {
      "Type" : "Momentum",
      "LearningRate" : 0.01,
      "Momentum" : 0.9
    },
    "Type" : "StandardLayer",
    "L2Regularization" : 1.0E-4,
    "Bias" : [ 0.0, 0.0, 0.0, -1.3710903995658574, -3.247193881171657E9, -1.0010848833817487, -1.8819458028260663, 0.0, -3.484657860199881, -1.7063358936961649E10, -3.234308553961265, 0.0, -4.780558990410413E9, 0.0, -3327487.1379217873, -2.11302328347392, 0.0, -0.6372347069867929, -0.7681799106231901, -5.333590146372415 ],
    "Weights" : [ [ 0.30198103428366196, -0.1415751894420906, -0.13653561029783903, -102.64299553151875, -2.4886938657750906E11, -77.16305267775303, -138.29734751614959, -0.146128902890222, -261.91345757168176, -1.3077591997546597E12, -240.82550319505586, -0.5835237963334272, -3.6638858871889624E11, -0.4107956132406555, -2.8345378396777195E8, -163.14019818846018, 0.06478607777873979, -52.42718542852683, -54.842371802232, -403.7526927247155 ], [ -0.5833902622534266, 0.14006367440806028, 0.054912612515590466, -6.20900243683487, -1.6668455632317514E10, -4.67771739346623, -9.200955259393169, 0.09865596690049291, -16.715189126903105, -8.758942391263347E10, -15.79557305858673, 0.13503705919010164, -2.4539506522430984E10, 0.47859816214475553, -1.2553073467830544E7, -10.041384403782263, -0.616237773619175, -2.6252299638784686, -4.137113339044948, -25.983745174561317 ], [ -0.49429627814801674, -0.0386025420536668, -0.07861092927535365, -158.46880580249504, -3.899748510144059E11, -113.99602000339678, -218.6191547599298, -0.2975196160353985, -401.1470009895145, -2.0492403912013784E12, -374.85743536023364, 0.0247149545883412, -5.741257985416316E11, -0.1756888886756744, -4.378249825786728E8, -240.43337516920064, -0.5353257671964022, -70.17313592625516, -90.18128942036523, -613.4655039702232 ], [ -0.3825771590298071, -0.05556618380052598, 0.3050749150643669, -0.5419117906186819, -5.471805015093524E8, -0.6161804982876571, -0.24869488929504646, -0.6058287093717828, -0.35335009877073686, -2.8753248616743546E9, 0.5418441843121292, -0.4678132825897003, -8.055659011084827E8, -0.5344287255292058, -630436.4122908092, -0.6678790945875187, 0.3384383169880772, -0.21131190270086914, 0.505904231841633, -1.6220739700845304 ], [ 0.07111863805568118, -0.5408412782492918, -0.06681831669679208, -1.300512939272515, -2.7507442302883654E9, -0.5190085713622031, -2.1045774960890893, -0.2114282964942374, -3.4079471136648456, -1.4454614622752869E10, -3.166892699036574, -0.5887422640969421, -4.0496796767299457E9, 0.02187377555775508, -2884968.946663689, -1.5232512454996874, 0.36670412703304406, -0.49639040716025623, -1.085371486732913, -4.399764603103557 ], [ 0.0753259964271901, -0.39063805632186815, 0.36063370170466474, 0.18906884444082406, -6.386917053723676E7, -0.3218479746404064, 0.22810704156724582, 0.14993753491572817, 0.04202157449712382, -3.356198048702784E8, -0.21263229432808717, 0.884991539511249, -9.402898248430224E7, -0.7850751701170784, -64804.075714070255, 0.1984635314215316, 0.2358042726783239, -0.050130600302270095, -0.39083087599714345, -0.2954940865044311 ], [ -0.6738122943035483, 0.0028528704358882565, 0.43016905197691724, 0.01925325791146719, -7.577199540839322E8, 0.039708229611860206, -0.5717030129979922, 0.3009190655907502, -0.6352075683721878, -3.981667872823458E9, -0.7899924493565686, 0.3427890272564664, -1.115524687473909E9, 0.10807388792998696, -908135.5198133398, -1.0149523393101039, -0.20443701255099972, 0.059420605953981326, -0.26859916948360907, -1.618026400968174 ] ]
  }, {
    "Size" : 10,
    "ActivatorType" : "Relu",
    "GradientAdjustmentParameters" : {
      "Type" : "Momentum",
      "LearningRate" : 0.01,
      "Momentum" : 0.9
    },
    "Type" : "StandardLayer",
    "L2Regularization" : 0.0,
    "Bias" : [ 0.0, -4.8196553497061765E8, -136162.26860960422, -1.8207795729887334E8, 0.0, -2470.851306745139, -1.0358246900104363E8, -7.056068108054324, -2.3248191996205166E8, 0.0 ],