{
  "InputSize" : 7,
  "BatchSize" : 32,
  "Layers" : [ {
    "Size" : 20,
    "ActivatorType" : "Relu",
    "GradientAdjustmentParameters" : {
      "Type" : "Momentum",
      "LearningRate" : 0.01,
      "Momentum" : 0.9
    },
    "Type" : "StandardLayer",
    "L2Regularization" : 1.0E-4,
    "Bias" : [ -2.6893139435201383E9, -1.1781097505111648E7, 0.0, -5.947871628355677E9, -1.8923804748557982, -0.8466927671875882, -1.6024028430492894, -4.216268736347653E8, -0.8750381554087826, 0.0, 0.0, -5.471950257915437E8, 0.0, -0.29240982271290794, -0.007080868417277509, -6.466743188685174E8, 0.0, 0.0, -2.480116529746309, -5.974791221647726E8 ],
    "Weights" : [ [ -2.1828723515997855E11, -9.562525066748673E8, -0.38044242561012775, -4.8277905819205585E11, -152.36531414988525, -68.12297231266707, -128.6183873250837, -6.077335819469386E9, -70.52610076555503, -0.032093145013029706, -0.07003967465453573, -4.441492952594947E10, 0.24112257719557897, -23.481698164232863, 0.06643285208096547, -5.248950181398883E10, -0.3942411190226667, -0.35498902086432943, -200.33534153742016, -4.849640777693706E10 ], [ -1.1792018817581001E10, -5.1657384369475566E7, 0.33080077749554976, -2.608003960742415E10, -8.078003359200332, -3.5581276549628202, -6.650004916710009, -3.23674443313065E9, -3.7665344571397537, -0.02397046093345859, 0.4860850128160193, -2.3993234619303265E9, -0.3356200426973113, -0.8326108992573162, 0.26463482475374156, -2.8355171233218007E9, 0.16614267091997545, 0.13104491243204697, -10.795506722365028, -2.619807579240452E9 ], [ -3.351296021894597E11, -1.4681047308528144E9, 0.0648293787278175, -7.411956709172263E11, -232.5215732639179, -103.4565948481942, -196.13286492970343, -7.544452316983538E9, -107.47964764096422, -0.2832043489139871, -0.2951835072636662, -6.818885974462868E10, -0.8353746061599941, -35.96867049719121, -0.4105485746533925, -8.058549941994266E10, 0.11591718823538012, -0.11886211596832232, -304.3778365728366, -7.445502635215054E10 ], [ -5.2318670551906157E8, -2291927.8968750797, 0.2149903136696158, -1.1571156897380557E9, -0.6119202679366086, -0.4587920289275345, -0.111238112190032, -6.73930467734495E7, 0.048284483433575866, 0.5045696336587997, 1.0062161524798368, -1.06452860680193E8, -0.2870721797130582, -0.8537274367324083, -0.35767227854603356, -1.2580584279256855E8, 0.4776427198981308, 0.048710749234466416, -0.8280574518408781, -1.1623527022125177E8 ], [ -1.9008346224564471E9, -8326999.7467301795, -0.29206111340488605, -4.204016548933616E9, -1.793457975645547, -0.7078282876780932, -1.4585830719247257, -2.727216954635676E8, -0.6441065290160402, 0.013095599363861054, 0.23372219837896227, -3.8676304473991317E8, 0.32476489295134686, -0.5893851832846025, 0.5866538894421659, -4.570760276031975E8, 0.1292272687643426, -0.2908371841287647, -2.529171142682359, -4.223043587657615E8 ], [ -5.603855467092196E7, -245488.146105772, -0.05294641427220615, -1.239387190637927E8, -0.27351744851601545, 0.03264160567125259, -0.306702376015824, -1.0880112835736033E7, -0.5281127617580929, 0.15561227938537336, -0.09394428861463039, -1.1402171472828789E7, -0.5017872227819369, 0.0772895105566175, 0.12588771268370347, -1.3475069847581038E7, -0.28044654110727696, -0.15883794731522802, -0.760102008221515, -1.2449965341990035E7 ], [ -7.200980701358998E8, -3154538.8328289906, -0.5130087931516362, -1.5926184040032196E9, -0.6318268005018578, -0.17690780349728402, -0.7855312097927757, -7.580642029220524E7, -0.4028542433015363, -0.09630124562837786, -0.2109926217780039, -1.4651843929556817E8, 0.19447631759601947, -0.11298567289604605, -0.26517608460407194, -1.7315528712768438E8, -0.1089156192979241, 0.08893758388664906, -0.43659493893491086, -1.5998264682588258E8 ] ]
  }, {
    "Size" : 10,
    "ActivatorType" : "Relu",
    "GradientAdjustmentParameters" : {
      "Type" : "Momentum",
      "LearningRate" : 0.01,
      "Momentum" : 0.9
    },
    "Type" : "StandardLayer",
    "L2Regularization" : 0.0,
    "Bias" : [ 0.0, -0.6631644354353372, -6.135095712504465E7, 0.0, -0.5865981950334017, -1.731629348400618E7, -3.5918298686972503, -2.411067613927644E21, -9.441471784533975E8, -8.307267284854313E8 ],