{
  "InputSize" : 7,
  "BatchSize" : 32,
  "Layers" : [ {
    "Size" : 20,
    "ActivatorType" : "Relu",
    "GradientAdjustmentParameters" : {
      "Type" : "Momentum",
      "LearningRate" : 0.01,
      "Momentum" : 0.9
    },
    "Type" : "StandardLayer",
    "L2Regularization" : 1.0E-4,
    "Bias" : [ -1.5177625166975075, -3.007975959420704, -2.5129035411049587, 0.3141285419674076, 2.8506622867852065, -0.8195436558456258, -0.2543681617324402, -3.6040949162172966, -1.1677522906178517, -1.3480464073273615, -0.027037492829628626, -1.3950666657154034, -2.462714178062539, -8.722586225360818, -0.8273798625222515, -2.358284172551458, -1.9528188411494547, -1.171028539948171, -1.5953532031039819, -3.283378717497494 ],
    "Weights" : [ [ 2.2593959589940176, -3.765579900044064, 1.9735479669922444, 0.3996119834300789, -2.2887766898439867, -0.4584997271109609, 1.4579329908599385, -0.7717555284902325, 0.174860132099799, -3.13435925243878, 1.2420978472472242, -2.79419914800447, 2.0973451779212455, -1.548639065900647, 1.8485506773167089, 3.74222391694053, -0.8018473432629114, 0.6037570179904193, 1.8860554747863305, 3.063926049115948 ], [ -0.27932278016689693, -0.07860217442392378, -0.32729008041563024, 0.02145152085592817, -0.01698626625205356, -0.031012984528900372, -0.035595061150036335, 0.02806609090885167, 0.29814566032470624, 0.47624323389066237, 0.4105238146327694, -0.447301399458269, 0.0865808961043954, 0.3532012158592406, -0.09307100952938438, 0.0737383893332441, -0.03548631689729078, 0.38482813743639427, 0.38633623775444365, -0.013296161177044769 ], [ -2.1664813907440656, 3.196587168432457, -0.6293489768685272, 0.7694203933064112, 1.207499495189897, -0.35174370739742744, -0.8937946754842898, 1.8250087650175721, 0.21630554332049973, 1.4589609413613178, -1.2141294880301432, 0.8985797648118713, -0.8786188905917861, 3.8989192816450764, -0.6968240760339712, -4.805794980260706, 2.105764240969202, -0.7428001085944625, -1.0014770924457923, -1.9394810168078531 ], [ 0.5807906870277706, 2.910126584039455, -0.49443884332203264, -1.0331572515438947, -2.2341373286753745, -0.5203422075322007, -0.7628766897675149, -1.186901098379364, -0.22756129401449302, -0.5086175413633797, -1.0694398973959172, 0.5093338214647224, 0.8107448486698786, 0.5022335132882823, -2.3191773193111755, 0.7252317319389014, 0.8691221081364113, -0.5523485035303757, 0.31940953216580337, 2.440057151834487 ], [ 0.9072721979412387, 1.4275056333294653, 1.144185478733375, -0.7987032691221251, -1.6497474877906013, 1.6673818152333282, 0.5934474996772359, 0.7801647124656685, 1.1905166731673096, -0.4313936615127429, -0.6018873723249768, -0.8402180996422213, 1.5492951186252093, -6.161445530276023, 0.35466593210150815, 0.11633249550871505, -2.8479172879848518, -0.6618813099842368, 0.49183846174649987, 1.8979069106919266 ], [ -0.09120265615052996, -0.18675187760186962, 0.053650205550359306, 0.018229103283247165, 0.061870550449318926, 0.01607143862244368, 0.10859663958470511, -0.03421086526688244, 0.011070904579980239, -0.286703293086261, -0.105622285716685, 0.5110520746577257, 0.3694718575901196, -0.04900807484530191, 0.15340362661650606, 0.1029317537066457, -0.04657439243891334, -1.0735875204773937, -0.2513039754337391, -0.18585221776906724 ], [ -0.36368276365983704, -1.2067977274774608, 1.9588928701545163, 0.15634754919151045, 0.6363089699749745, -0.08150756089515944, 1.3534776952186844, -1.91370397918346, 0.9639466362798824, 1.3081018636442328, -0.009732261628337955, -1.1089616146882117, -0.06358597657378579, -0.34311857053664063, 0.8987853067714171, -1.2105416404861855, 0.040932377926472835, 0.7100393782186039, 0.5612273774546268, -0.46350735996457854 ] ]
  }, {
    "Size" : 10,
    "ActivatorType" : "Relu",
    "GradientAdjustmentParameters" : {
      "Type" : "Momentum",
      "LearningRate" : 0.01,
      "Momentum" : 0.9
    },
    "Type" : "StandardLayer",
    "L2Regularization" : 0.0,
    "Bias" : [ -0.2741560713531813, 2.4500346097672496, -0.19788719642873506, -0.44438147211076795, -0.3155661462427351, 4.332259175306018, -2.992027997885372, 0.7653630105595332, 1.1533640768863915, 0.31389180047964715 ],